"year","month","time","ts","hhi.fmax","hhi.max","hhi.sum","hhi.avg","duration","ts.start","ts.stop"
1632,5,"1632-5-15 00:00:00",1632.38,-3.22877262577203,-3.296425,-89.15266,-2.28596564102564,39,1630.21,1633.38
1615,12,"1615-12-15 00:00:00",1615.96,-3.90095740766681,-3.801427,-84.980011,-3.14740781481482,27,1615.04,1617.21
1706,8,"1706-8-15 00:00:00",1706.62,-4.13003385421881,-4,-72.141043,-2.7746555,26,1705.46,1707.54
1864,12,"1864-12-15 00:00:00",1864.96,-3.0191251656834,-3.360056,-59.130558,-2.27425223076923,26,1863.96,1866.04
1814,10,"1814-10-15 00:00:00",1814.79,-3.44894110740563,-3.528457,-55.185044,-2.39934973913043,23,1813.96,1815.79
1858,6,"1858-6-15 00:00:00",1858.46,-3.05803432445896,-3,-51.835955,-2.46837880952381,21,1857.12,1858.79
1803,2,"1803-2-15 00:00:00",1803.12,-3.49982029164522,-3.580742,-48.187778,-2.4093889,20,1802.21,1803.79
1921,7,"1921-7-15 00:00:00",1921.54,-3.69145180280069,-3.477922,-45.524335,-2.67790205882353,17,1920.79,1922.12
1567,7,"1567-7-15 00:00:00",1567.54,-2.92505487642651,-2.958174,-44.874581,-2.03975368181818,22,1566.29,1568.04
1681,7,"1681-7-15 00:00:00",1681.54,-3.5123144667026,-3.580742,-42.715028,-2.84766853333333,15,1680.54,1681.71
1893,8,"1893-8-15 00:00:00",1893.62,-4.18255428523102,-4,-40.921965,-3.14784346153846,13,1893.21,1894.21
1819,5,"1819-5-15 00:00:00",1819.38,-3.02610278763765,-3.360056,-40.66489,-2.541555625,16,1818.46,1819.71
1590,11,"1590-11-15 00:00:00",1590.88,-4.18423648089195,-4,-39.625223,-3.04809407692308,13,1590.21,1591.21
1522,1,"1522-1-15 00:00:00",1522.04,-4.08888418278475,-4,-39.347966,-2.810569,14,1521.29,1522.38
1800,8,"1800-8-15 00:00:00",1800.62,-3.82624892982992,-3.968186,-37.498064,-2.49987093333333,15,1799.88,1801.04
1626,6,"1626-6-15 00:00:00",1626.46,-3.42559763936104,-3.13937,-37.477502,-2.20455894117647,17,1625.62,1626.96
1750,3,"1750-3-15 00:00:00",1750.21,-2.95353984426532,-2.648816,-36.958464,-2.17402729411765,17,1749.54,1750.88
1834,11,"1834-11-15 00:00:00",1834.88,-3.7582293815291,-3.723054,-36.431922,-2.80245553846154,13,1834.12,1835.12
1540,10,"1540-10-15 00:00:00",1540.79,-4.11435472414192,-4,-36.173239,-3.28847627272727,11,1540.38,1541.21
1536,10,"1536-10-15 00:00:00",1536.79,-3.58703658595362,-3.477922,-34.043192,-2.43165657142857,14,1536.12,1537.21
1603,11,"1603-11-15 00:00:00",1603.88,-3.19848915194285,-3.13937,-31.650824,-2.43467876923077,13,1602.96,1603.96
1635,1,"1635-1-15 00:00:00",1635.04,-3.55185425871253,-3.76049,-31.302317,-2.23587978571429,14,1634.21,1635.29
1686,5,"1686-5-15 00:00:00",1686.38,-3.06042950267313,-3,-30.122807,-2.00818713333333,15,1685.79,1686.96
1684,7,"1684-7-15 00:00:00",1684.54,-3.10487957060044,-3,-29.65195,-2.11799642857143,14,1684.29,1685.38
1757,2,"1757-2-15 00:00:00",1757.12,-3.27139572794836,-2.998374,-29.346424,-2.09617314285714,14,1756.71,1757.79
1600,1,"1600-1-15 00:00:00",1600.04,-3.30931331903943,-3,-29.221477,-2.65649790909091,11,1599.79,1600.62
1963,2,"1963-2-15 00:00:00",1963.12,-2.98623156717052,-2.909291,-28.94989,-2.22691461538462,13,1962.46,1963.46
1842,8,"1842-8-15 00:00:00",1842.62,-3.56924128556633,-3.477922,-28.931108,-2.8931108,10,1842.29,1843.04
1991,8,"1991-8-15 00:00:00",1991.62,-3.0028991191379,-3,-28.355413,-2.36295108333333,12,1991.12,1992.04
2018,11,"2018-11-15 00:00:00",2018.88,-3.28726187593137,-3.35465,-27.296007,-2.09969284615385,13,2018.12,2019.12
1669,9,"1669-9-15 00:00:00",1669.71,-3.26731945615103,-3.13937,-27.114556,-2.7114556,10,1669.38,1670.12
1972,2,"1972-2-15 00:00:00",1972.12,-3.03605660705535,-3,-27.0195,-2.251625,12,1971.54,1972.46
1822,6,"1822-6-15 00:00:00",1822.46,-2.89273496355639,-2.958174,-26.735984,-2.22799866666667,12,1822.12,1823.04
1701,8,"1701-8-15 00:00:00",1701.62,-3.3562555379196,-3,-26.474179,-2.40674354545455,11,1701.29,1702.12
1727,8,"1727-8-15 00:00:00",1727.62,-3.2945421036323,-3,-25.638004,-2.5638004,10,1727.38,1728.12
1949,10,"1949-10-15 00:00:00",1949.79,-3.16629024199267,-2.958174,-24.949142,-2.4949142,10,1949.46,1950.21
1556,8,"1556-8-15 00:00:00",1556.62,-3.25617481331308,-3,-24.902538,-2.4902538,10,1556.29,1557.04
1778,2,"1778-2-15 00:00:00",1778.12,-3.21007113228195,-2.749186,-24.57403,-2.23400272727273,11,1777.62,1778.46
1588,1,"1588-1-15 00:00:00",1588.04,-2.86250833832207,-2.749186,-24.304678,-2.02538983333333,12,1587.29,1588.21
1782,7,"1782-7-15 00:00:00",1782.54,-3.10261503076102,-3,-23.232449,-2.3232449,10,1782.12,1782.88
1799,3,"1799-3-15 00:00:00",1799.21,-2.53937197913976,-2.829592,-22.140282,-2.01275290909091,11,1798.62,1799.46
1718,9,"1718-9-15 00:00:00",1718.71,-3.27015114187505,-3,-22.025581,-2.44728677777778,9,1718.46,1719.12
1953,12,"1953-12-15 00:00:00",1953.96,-2.66341044980342,-2.592695,-21.981413,-2.1981413,10,1953.62,1954.38
1504,8,"1504-8-15 00:00:00",1504.62,-3.04915035794781,-2.958174,-21.441208,-2.38235644444444,9,1504.29,1504.96
1870,6,"1870-6-15 00:00:00",1870.46,-3.289237420919,-3,-21.373028,-2.37478088888889,9,1870.04,1870.71
1832,9,"1832-9-15 00:00:00",1832.71,-2.93160940968438,-2.648816,-21.065309,-2.1065309,10,1832.12,1832.88
1719,8,"1719-8-15 00:00:00",1719.62,-3.36212915630619,-3,-20.991461,-2.623932625,8,1719.38,1719.96
1534,8,"1534-8-15 00:00:00",1534.62,-2.93708709945097,-3,-20.967269,-2.32969655555556,9,1534.38,1535.04
1781,7,"1781-7-15 00:00:00",1781.54,-3.22748729677374,-3,-20.784841,-2.598105125,8,1781.21,1781.79
1794,7,"1794-7-15 00:00:00",1794.54,-2.61560685056245,-2.497393,-20.775842,-1.73132016666667,12,1793.62,1794.54
1715,1,"1715-1-15 00:00:00",1715.04,-2.71318336369262,-2.940637,-20.399946,-2.26666066666667,9,1714.88,1715.54
1516,10,"1516-10-15 00:00:00",1516.79,-3.21396637682722,-3,-19.754396,-2.4692995,8,1516.38,1516.96
1909,5,"1909-5-15 00:00:00",1909.38,-2.5381759759897,-2.550824,-19.670471,-2.18560788888889,9,1908.79,1909.46
1561,8,"1561-8-15 00:00:00",1561.62,-2.88822013170396,-2.940637,-19.590093,-2.176677,9,1561.46,1562.12
1773,8,"1773-8-15 00:00:00",1773.62,-2.79280598729339,-2.497393,-19.395399,-1.76321809090909,11,1772.88,1773.71
1678,8,"1678-8-15 00:00:00",1678.62,-3.26638871371528,-3,-19.374418,-2.42180225,8,1678.38,1678.96
1554,8,"1554-8-15 00:00:00",1554.62,-2.93986544911552,-2.998374,-18.680739,-2.07563766666667,9,1554.12,1554.79
1609,10,"1609-10-15 00:00:00",1609.79,-2.47553166916718,-2.52501,-18.065885,-1.8065885,10,1609.29,1610.04
1777,2,"1777-2-15 00:00:00",1777.12,-3.3854816277108,-2.958174,-16.951927,-2.42170385714286,7,1776.79,1777.29
1813,4,"1813-4-15 00:00:00",1813.29,-3.55802991238427,-3,-16.706736,-2.38667657142857,7,1812.96,1813.46
1911,8,"1911-8-15 00:00:00",1911.62,-2.94342791384271,-2.550824,-16.641775,-1.6641775,10,1911.04,1911.79
1898,1,"1898-1-15 00:00:00",1898.04,-3.38237175958862,-3,-16.57564,-2.36794857142857,7,1897.79,1898.29
1726,9,"1726-9-15 00:00:00",1726.71,-3.0025734081032,-2.958174,-16.377891,-2.33969871428571,7,1726.38,1726.88
1653,7,"1653-7-15 00:00:00",1653.54,-2.97012586523308,-3,-16.096755,-2.29953642857143,7,1653.29,1653.79
1517,6,"1517-6-15 00:00:00",1517.46,-3.4576456393733,-3.13937,-15.617679,-2.6029465,6,1517.12,1517.54
1700,9,"1700-9-15 00:00:00",1700.71,-2.95228520791872,-2.958174,-15.498542,-1.93731775,8,1700.29,1700.88
1575,12,"1575-12-15 00:00:00",1575.96,-2.98009890219587,-2.669344,-15.434107,-2.20487242857143,7,1575.54,1576.04
1509,11,"1509-11-15 00:00:00",1509.88,-2.63082778332877,-2.52501,-15.150046,-2.16429228571429,7,1509.62,1510.12
1779,4,"1779-4-15 00:00:00",1779.29,-3.22744876443948,-3,-15.068155,-2.51135916666667,6,1779.04,1779.46
2003,8,"2003-8-15 00:00:00",2003.62,-2.34027620102996,-2.43257,-14.765895,-1.4765895,10,2003.21,2003.96
1882,3,"1882-3-15 00:00:00",1882.21,-3.11765760859159,-2.958174,-14.40679,-2.40113166666667,6,1881.96,1882.38
1652,6,"1652-6-15 00:00:00",1652.46,-2.89170043645056,-3,-14.008168,-2.33469466666667,6,1652.21,1652.62
1666,7,"1666-7-15 00:00:00",1666.54,-3.21584101633189,-3,-14.005752,-2.334292,6,1666.29,1666.71
1559,8,"1559-8-15 00:00:00",1559.62,-2.76385796503893,-2.592695,-14.002967,-2.00042385714286,7,1559.29,1559.79
1887,9,"1887-9-15 00:00:00",1887.71,-3.37132322140052,-2.940637,-13.941396,-2.323566,6,1887.46,1887.88
1729,10,"1729-10-15 00:00:00",1729.79,-3.395727331199,-2.592695,-13.917425,-2.31957083333333,6,1729.54,1729.96
1959,9,"1959-9-15 00:00:00",1959.71,-2.72627233231316,-2.550824,-13.798816,-1.97125942857143,7,1959.46,1959.96
1934,5,"1934-5-15 00:00:00",1934.38,-2.87997617603038,-2.669344,-13.766832,-1.529648,9,1933.88,1934.54
1755,2,"1755-2-15 00:00:00",1755.12,-2.68990137958672,-2.448122,-13.642227,-1.94888957142857,7,1754.62,1755.12
1629,11,"1629-11-15 00:00:00",1629.88,-2.69703053219937,-2.940637,-13.607633,-2.26793883333333,6,1629.62,1630.04
1846,9,"1846-9-15 00:00:00",1846.71,-2.8599054909904,-2.940637,-13.586473,-2.26441216666667,6,1846.46,1846.88
1891,4,"1891-4-15 00:00:00",1891.29,-2.59459322081942,-2.592695,-13.536324,-2.256054,6,1890.96,1891.38
1889,2,"1889-2-15 00:00:00",1889.12,-2.93526240726726,-2.52501,-13.280229,-2.2133715,6,1888.96,1889.38
1623,11,"1623-11-15 00:00:00",1623.88,-2.93151158340412,-2.958174,-12.994468,-2.16574466666667,6,1623.54,1623.96
1874,2,"1874-2-15 00:00:00",1874.12,-3.27282118386654,-2.940637,-12.806623,-2.13443716666667,6,1873.88,1874.29
1919,8,"1919-8-15 00:00:00",1919.62,-2.59927356589501,-2.52501,-12.755219,-2.12586983333333,6,1919.38,1919.79
1796,4,"1796-4-15 00:00:00",1796.29,-3.59050376508804,-3,-12.49995,-2.083325,6,1796.04,1796.46
1783,8,"1783-8-15 00:00:00",1783.62,-2.72782628238838,-2.592695,-12.406858,-2.06780966666667,6,1783.46,1783.88
1786,3,"1786-3-15 00:00:00",1786.21,-2.42904337575664,-2.227217,-12.165557,-1.73793671428571,7,1785.88,1786.38
1929,3,"1929-3-15 00:00:00",1929.21,-2.71093506422644,-2.52501,-12.112115,-2.01868583333333,6,1929.04,1929.46
1586,12,"1586-12-15 00:00:00",1586.96,-2.70052817366429,-2.340314,-12.059239,-2.00987316666667,6,1586.54,1586.96
1892,9,"1892-9-15 00:00:00",1892.71,-2.42690061258268,-2.227217,-12.010069,-1.71572414285714,7,1892.21,1892.71
1787,9,"1787-9-15 00:00:00",1787.71,-2.94329875275284,-2.909291,-11.954616,-2.3909232,5,1787.46,1787.79
1933,4,"1933-4-15 00:00:00",1933.29,-2.83720792230994,-2.958174,-11.474892,-2.2949784,5,1932.96,1933.29
1835,9,"1835-9-15 00:00:00",1835.71,-3.38121343291003,-2.958174,-11.36509,-2.273018,5,1835.38,1835.71
1854,3,"1854-3-15 00:00:00",1854.21,-2.11223418968778,-2.227217,-11.351091,-1.418886375,8,1853.79,1854.38
1691,11,"1691-11-15 00:00:00",1691.88,-3.08630915264574,-2.592695,-11.291113,-1.88185216666667,6,1691.62,1692.04
1784,5,"1784-5-15 00:00:00",1784.38,-2.86172569916989,-2.52501,-11.231798,-1.87196633333333,6,1784.21,1784.62
1808,7,"1808-7-15 00:00:00",1808.54,-2.75332774357872,-2.227217,-11.219915,-1.86998583333333,6,1808.21,1808.62
1545,9,"1545-9-15 00:00:00",1545.71,-2.37579045060885,-2.227217,-11.161401,-1.8602335,6,1545.38,1545.79
1514,1,"1514-1-15 00:00:00",1514.04,-2.51638230616599,-2.669344,-11.09218,-1.3865225,8,1513.46,1514.04
1795,2,"1795-2-15 00:00:00",1795.12,-2.22256620733703,-2.109383,-10.905792,-1.55797028571429,7,1794.96,1795.46
1903,6,"1903-6-15 00:00:00",1903.46,-2.61245214788153,-2.592695,-10.738658,-1.78977633333333,6,1903.12,1903.54
1710,12,"1710-12-15 00:00:00",1710.96,-2.7525217510206,-2.940637,-10.659562,-2.1319124,5,1710.71,1711.04
1996,4,"1996-4-15 00:00:00",1996.29,-2.40175834468327,-2.80541,-10.428345,-1.48976357142857,7,1996.04,1996.54
1798,4,"1798-4-15 00:00:00",1798.29,-2.89656733127257,-2.592695,-10.417279,-1.73621316666667,6,1797.96,1798.38
1949,2,"1949-2-15 00:00:00",1949.12,-2.49193890576097,-2.340314,-10.40018,-1.73336333333333,6,1948.79,1949.21
2022,8,"2022-8-15 00:00:00",2022.62,-2.96562824064785,-2.63549,-10.333573,-1.72226216666667,6,2022.21,2022.62
1691,4,"1691-4-15 00:00:00",1691.29,-2.87776218745007,-2.940637,-10.285903,-2.0571806,5,1691.04,1691.38
1947,10,"1947-10-15 00:00:00",1947.79,-2.90836501821849,-2.448122,-10.18392,-1.69732,6,1947.38,1947.79
1636,6,"1636-6-15 00:00:00",1636.46,-3.04649010204682,-3,-10.160035,-2.032007,5,1636.21,1636.54
1661,7,"1661-7-15 00:00:00",1661.54,-2.55509162641673,-2.592695,-10.074326,-2.0148652,5,1661.21,1661.54
1592,1,"1592-1-15 00:00:00",1592.04,-2.76673252298725,-2.592695,-9.832421,-1.9664842,5,1591.88,1592.21
1664,6,"1664-6-15 00:00:00",1664.46,-2.37879580628303,-2.227217,-9.826523,-1.9653046,5,1664.12,1664.46
1697,6,"1697-6-15 00:00:00",1697.46,-2.11630628401564,-2.340314,-9.814068,-1.635678,6,1697.04,1697.46
1840,6,"1840-6-15 00:00:00",1840.46,-2.49912011159676,-2.227217,-9.719915,-1.943983,5,1840.21,1840.54
1612,9,"1612-9-15 00:00:00",1612.71,-2.11849640417981,-2.227217,-9.68276,-1.210345,8,1612.29,1612.88
1976,8,"1976-8-15 00:00:00",1976.62,-2.89408522601999,-2.52501,-9.610399,-1.60173316666667,6,1976.21,1976.62
1805,6,"1805-6-15 00:00:00",1805.46,-2.4088463042867,-2.52501,-9.504798,-1.9009596,5,1805.21,1805.54
1810,6,"1810-6-15 00:00:00",1810.46,-2.70215483347347,-2.127865,-9.353371,-1.55889516666667,6,1810.38,1810.79
1744,2,"1744-2-15 00:00:00",1744.12,-2.3742589074424,-2.109383,-9.259627,-1.54327116666667,6,1744.04,1744.46
1660,11,"1660-11-15 00:00:00",1660.88,-2.28661471852341,-2.227217,-9.160194,-1.8320388,5,1660.54,1660.88
2025,6,"2025-6-15 00:00:00",2025.46,-2.58091089771409,-2.52339,-9.159968,-1.52666133333333,6,2025.12,2025.54
1672,6,"1672-6-15 00:00:00",1672.46,-2.58574158894895,-2.227217,-9.114596,-1.51909933333333,6,1672.12,1672.54
1676,11,"1676-11-15 00:00:00",1676.88,-2.87786876428844,-2.52501,-9.055577,-1.50926283333333,6,1676.54,1676.96
1583,7,"1583-7-15 00:00:00",1583.54,-2.53418749433769,-2.227217,-8.87318,-1.774636,5,1583.29,1583.62
1503,7,"1503-7-15 00:00:00",1503.54,-2.49986741024339,-2.52501,-8.743935,-2.18598375,4,1503.38,1503.62
1861,8,"1861-8-15 00:00:00",1861.62,-2.40387125127648,-2.227217,-8.698112,-1.44968533333333,6,1861.29,1861.71
1841,5,"1841-5-15 00:00:00",1841.38,-2.88151698175261,-2.940637,-8.550179,-2.13754475,4,1841.12,1841.38
1824,2,"1824-2-15 00:00:00",1824.12,-1.61701134460309,-1.882325,-8.51737,-1.06467125,8,1823.62,1824.21
1952,7,"1952-7-15 00:00:00",1952.54,-2.75286959953479,-2.52501,-8.432345,-2.10808625,4,1952.38,1952.62
1807,8,"1807-8-15 00:00:00",1807.62,-2.70248837303831,-2.52501,-8.124384,-1.6248768,5,1807.38,1807.71
1574,8,"1574-8-15 00:00:00",1574.62,-1.66454559710092,-1.882325,-8.116725,-1.3527875,6,1574.54,1574.96
1704,8,"1704-8-15 00:00:00",1704.62,-2.65836163574917,-2.340314,-8.086746,-1.6173492,5,1704.54,1704.88
1806,8,"1806-8-15 00:00:00",1806.62,-2.09277303043878,-1.989923,-8.030567,-1.33842783333333,6,1806.29,1806.71
1848,1,"1848-1-15 00:00:00",1848.04,-2.82566679696007,-2.52501,-8.016718,-2.0041795,4,1847.88,1848.12
1717,11,"1717-11-15 00:00:00",1717.88,-2.51093117488007,-2.52501,-8.014933,-2.00373325,4,1717.62,1717.88
1875,5,"1875-5-15 00:00:00",1875.38,-2.4345401582414,-2.52501,-7.907335,-1.97683375,4,1875.12,1875.38
1788,8,"1788-8-15 00:00:00",1788.62,-1.81775328403601,-2.011284,-7.858172,-1.30969533333333,6,1788.21,1788.62
1964,8,"1964-8-15 00:00:00",1964.62,-2.86637346061714,-2.38834,-7.853926,-1.9634815,4,1964.46,1964.71
1759,5,"1759-5-15 00:00:00",1759.38,-1.62332015631562,-2.127865,-7.844934,-0.98061675,8,1759.04,1759.62
1532,8,"1532-8-15 00:00:00",1532.62,-2.34874933197614,-2.109383,-7.828149,-1.95703725,4,1532.54,1532.79
1656,8,"1656-8-15 00:00:00",1656.62,-2.38543953893966,-2.109383,-7.718766,-1.9296915,4,1656.54,1656.79
2011,5,"2011-5-15 00:00:00",2011.38,-2.37623139366509,-2.4269,-7.64612,-1.91153,4,2011.21,2011.46
1523,10,"1523-10-15 00:00:00",1523.79,-2.40264686380236,-2.109383,-7.620667,-1.90516675,4,1523.54,1523.79
1876,8,"1876-8-15 00:00:00",1876.62,-2.07627796178098,-2.227217,-7.599248,-1.899812,4,1876.38,1876.62
1518,6,"1518-6-15 00:00:00",1518.46,-2.43207274842175,-2,-7.566004,-1.891501,4,1518.38,1518.62
1765,8,"1765-8-15 00:00:00",1765.62,-2.27444847990004,-2.109383,-7.491708,-1.872927,4,1765.38,1765.62
1826,3,"1826-3-15 00:00:00",1826.21,-2.31093857178191,-1.989923,-7.471622,-1.4943244,5,1826.04,1826.38
1787,3,"1787-3-15 00:00:00",1787.21,-2.40420477999733,-2.227217,-7.420973,-1.85524325,4,1787.04,1787.29
1971,4,"1971-4-15 00:00:00",1971.29,-1.57121159529668,-2.109383,-7.397327,-1.4794654,5,1971.04,1971.38
1883,6,"1883-6-15 00:00:00",1883.46,-3.02937999510307,-2.669344,-7.371422,-2.45714066666667,3,1883.29,1883.46
1547,8,"1547-8-15 00:00:00",1547.62,-2.10489560667986,-2.147058,-7.330737,-1.83268425,4,1547.54,1547.79
1964,1,"1964-1-15 00:00:00",1964.04,-2.41382701758703,-2,-7.193756,-1.798439,4,1963.96,1964.21
1538,8,"1538-8-15 00:00:00",1538.62,-2.27791016029186,-2,-7.183679,-1.79591975,4,1538.54,1538.79
1738,12,"1738-12-15 00:00:00",1738.96,-2.64952354583724,-2,-7.183679,-1.79591975,4,1738.88,1739.12
1953,5,"1953-5-15 00:00:00",1953.38,-3.50603961467091,-2.592695,-7.117705,-2.37256833333333,3,1953.21,1953.38
1932,2,"1932-2-15 00:00:00",1932.12,-1.56940137044982,-2.109383,-7.075948,-1.4151896,5,1931.88,1932.21
1558,9,"1558-9-15 00:00:00",1558.71,-2.4099726169678,-1.989923,-7.066004,-1.766501,4,1558.54,1558.79
1683,12,"1683-12-15 00:00:00",1683.96,-2.20819178502673,-1.989923,-7.066004,-1.766501,4,1683.79,1684.04
1735,4,"1735-4-15 00:00:00",1735.29,-2.5648198564848,-1.989923,-7.066004,-1.766501,4,1735.12,1735.38
1724,8,"1724-8-15 00:00:00",1724.62,-2.18060731070366,-2.109383,-7.04236,-1.76059,4,1724.46,1724.71
1797,2,"1797-2-15 00:00:00",1797.12,-2.38074319152363,-2.109383,-7.04236,-1.76059,4,1796.96,1797.21
1923,8,"1923-8-15 00:00:00",1923.62,-2.34871688476118,-2.109383,-7.04236,-1.76059,4,1923.46,1923.71
1997,9,"1997-9-15 00:00:00",1997.71,-2.39140426663764,-2,-6.96541,-1.7413525,4,1997.62,1997.88
1738,3,"1738-3-15 00:00:00",1738.21,-2.17100280968295,-1.989923,-6.956488,-1.3912976,5,1737.88,1738.21
1667,7,"1667-7-15 00:00:00",1667.54,-2.21493323269209,-2.109383,-6.9229,-1.730725,4,1667.29,1667.54
1928,9,"1928-9-15 00:00:00",1928.71,-2.16359519115346,-2.007129,-6.84394,-1.368788,5,1928.38,1928.71
1743,1,"1743-1-15 00:00:00",1743.04,-1.71130613849122,-2.227217,-6.767861,-1.3535722,5,1742.71,1743.04
1856,3,"1856-3-15 00:00:00",1856.21,-1.98121088935447,-2.227217,-6.767861,-1.3535722,5,1855.88,1856.21
1973,3,"1973-3-15 00:00:00",1973.21,-2.53563988583046,-2.109383,-6.742277,-1.68556925,4,1973.04,1973.29
1900,9,"1900-9-15 00:00:00",1900.71,-1.42954631683331,-1.882325,-6.550805,-1.09180083333333,6,1900.29,1900.71
1887,4,"1887-4-15 00:00:00",1887.29,-2.93405473390528,-2.52501,-6.52501,-2.17500333333333,3,1887.12,1887.29
1605,10,"1605-10-15 00:00:00",1605.79,-2.19234671520437,-1.989923,-6.507273,-1.62681825,4,1605.62,1605.88
1886,2,"1886-2-15 00:00:00",1886.12,-1.63741963272746,-1.882325,-6.422969,-1.2845938,5,1886.04,1886.38
1546,2,"1546-2-15 00:00:00",1546.12,-2.72904075176626,-2.252261,-6.387255,-2.129085,3,1546.04,1546.21
1989,6,"1989-6-15 00:00:00",1989.46,-2.03433653619908,-1.882325,-6.362023,-1.2724046,5,1989.38,1989.71
1657,7,"1657-7-15 00:00:00",1657.54,-2.20515026112871,-2.109383,-6.303223,-1.57580575,4,1657.29,1657.54
1918,8,"1918-8-15 00:00:00",1918.62,-1.79277431379507,-2.007129,-6.226181,-1.55654525,4,1918.38,1918.62
1993,4,"1993-4-15 00:00:00",1993.29,-2.78285589143485,-2.109383,-6.218766,-2.072922,3,1993.21,1993.38
1810,2,"1810-2-15 00:00:00",1810.12,-2.01206952861078,-2.227217,-6.216001,-1.03600016666667,6,1809.79,1810.21
1868,8,"1868-8-15 00:00:00",1868.62,-1.53895368825354,-1.693756,-6.040644,-1.2081288,5,1868.38,1868.71
1943,3,"1943-3-15 00:00:00",1943.21,-1.3614910092252,-1.693756,-6.040644,-1.2081288,5,1942.96,1943.29
1740,2,"1740-2-15 00:00:00",1740.12,-2.42874972014828,-2.227217,-5.932257,-1.977419,3,1740.04,1740.21
1741,12,"1741-12-15 00:00:00",1741.96,-1.49246758268894,-1.5,-5.931128,-0.988521333333333,6,1741.62,1742.04
2014,3,"2014-3-15 00:00:00",2014.21,-1.91596064305806,-1.76562,-5.884027,-1.1768054,5,2013.96,2014.29
1512,2,"1512-2-15 00:00:00",1512.12,-2.12468107560175,-1.882325,-5.779998,-1.4449995,4,1512.04,1512.29
1623,4,"1623-4-15 00:00:00",1623.29,-2.63498544140061,-2.52501,-5.777581,-1.92586033333333,3,1623.12,1623.29
1589,4,"1589-4-15 00:00:00",1589.29,-2.55136934245846,-1.989923,-5.754573,-1.918191,3,1589.12,1589.29
1753,1,"1753-1-15 00:00:00",1753.04,-1.49832988326418,-1.693756,-5.742345,-1.148469,5,1752.79,1753.12
1860,5,"1860-5-15 00:00:00",1860.38,-1.5833210508334,-1.882325,-5.719052,-1.429763,4,1860.29,1860.54
1890,3,"1890-3-15 00:00:00",1890.21,-2.34813637717804,-2,-5.683679,-1.89455966666667,3,1890.12,1890.29
1852,4,"1852-4-15 00:00:00",1852.29,-2.05676562537449,-2.011284,-5.501207,-1.83373566666667,3,1852.21,1852.38
1607,1,"1607-1-15 00:00:00",1607.04,-2.92029082232338,-2,-5.5,-1.83333333333333,3,1606.96,1607.12
1747,4,"1747-4-15 00:00:00",1747.29,-2.55067172698759,-2,-5.5,-1.83333333333333,3,1747.21,1747.38
1748,2,"1748-2-15 00:00:00",1748.12,-1.88381742156543,-2,-5.5,-1.83333333333333,3,1748.04,1748.21
1595,2,"1595-2-15 00:00:00",1595.12,-2.65409475633154,-2.109383,-5.491708,-1.83056933333333,3,1594.96,1595.12
1541,6,"1541-6-15 00:00:00",1541.46,-2.36240143959874,-2,-5.489923,-1.82997433333333,3,1541.38,1541.54
1711,6,"1711-6-15 00:00:00",1711.46,-2.42548792668981,-2,-5.489923,-1.82997433333333,3,1711.38,1711.54
1766,12,"1766-12-15 00:00:00",1766.96,-2.84725981078162,-2,-5.489923,-1.82997433333333,3,1766.88,1767.04
1946,4,"1946-4-15 00:00:00",1946.29,-2.37820389773313,-2,-5.489923,-1.82997433333333,3,1946.21,1946.38
2020,5,"2020-5-15 00:00:00",2020.38,-1.31835487052376,-2,-5.444384,-1.0888768,5,2020.29,2020.62
1859,3,"1859-3-15 00:00:00",1859.21,-2.26570548889367,-2.007129,-5.389454,-1.79648466666667,3,1859.04,1859.21
1775,6,"1775-6-15 00:00:00",1775.46,-2.43982390463691,-1.989923,-5.372248,-1.79074933333333,3,1775.29,1775.46
1785,3,"1785-3-15 00:00:00",1785.21,-2.27836934852441,-1.989923,-5.372248,-1.79074933333333,3,1785.04,1785.21
1811,5,"1811-5-15 00:00:00",1811.38,-2.14102924453835,-1.989923,-5.372248,-1.79074933333333,3,1811.21,1811.38
1893,1,"1893-1-15 00:00:00",1893.04,-2.16505710831019,-1.989923,-5.372248,-1.79074933333333,3,1892.88,1893.04
1518,12,"1518-12-15 00:00:00",1518.96,-2.67050225508968,-2,-4.956404,-1.65213466666667,3,1518.88,1519.04
1820,4,"1820-4-15 00:00:00",1820.29,-2.24980612862345,-1.989923,-4.946327,-1.64877566666667,3,1820.21,1820.38
1897,1,"1897-1-15 00:00:00",1897.04,-2.35457992079128,-1.989923,-4.946327,-1.64877566666667,3,1896.96,1897.12
1611,5,"1611-5-15 00:00:00",1611.38,-2.2864581846918,-1.989923,-4.813517,-1.60450566666667,3,1611.21,1611.38
1836,8,"1836-8-15 00:00:00",1836.62,-2.02539121659985,-1.989923,-4.813517,-1.60450566666667,3,1836.46,1836.62
1904,8,"1904-8-15 00:00:00",1904.62,-1.81617390320298,-1.989923,-4.813517,-1.60450566666667,3,1904.46,1904.62
1596,5,"1596-5-15 00:00:00",1596.38,-2.14297464557887,-1.989923,-4.752571,-1.58419033333333,3,1596.21,1596.38
1638,5,"1638-5-15 00:00:00",1638.38,-2.39156232201913,-1.989923,-4.752571,-1.58419033333333,3,1638.21,1638.38
1844,6,"1844-6-15 00:00:00",1844.46,-2.53274571450798,-1.989923,-4.752571,-1.58419033333333,3,1844.29,1844.46
1880,3,"1880-3-15 00:00:00",1880.21,-1.74105615414461,-1.989923,-4.752571,-1.58419033333333,3,1880.04,1880.21
1881,8,"1881-8-15 00:00:00",1881.62,-2.02564022959414,-2.109383,-4.634679,-1.544893,3,1881.46,1881.62
1507,6,"1507-6-15 00:00:00",1507.46,-1.33920219688738,-1.693756,-4.540644,-1.135161,4,1507.21,1507.46
1863,8,"1863-8-15 00:00:00",1863.62,-1.79743279792511,-2.448122,-4.459406,-2.229703,2,1863.54,1863.62
2019,7,"2019-7-15 00:00:00",2019.54,-1.70185578991896,-1.52878,-4.431775,-1.10794375,4,2019.46,2019.71
1736,8,"1736-8-15 00:00:00",1736.62,-1.22444992183822,-1.262648,-4.431128,-0.8862256,5,1736.29,1736.62
1671,5,"1671-5-15 00:00:00",1671.38,-1.23770576634642,-1.5,-4.346888,-1.086722,4,1671.21,1671.46
1772,7,"1772-7-15 00:00:00",1772.54,-1.42715086028385,-1.5,-4.346888,-1.086722,4,1772.38,1772.62
1839,6,"1839-6-15 00:00:00",1839.46,-1.31648646405165,-1.5,-4.346888,-1.086722,4,1839.29,1839.54
1908,1,"1908-1-15 00:00:00",1908.04,-1.60816739078428,-1.5,-4.346888,-1.086722,4,1907.96,1908.21
1790,5,"1790-5-15 00:00:00",1790.38,-2.00077065330258,-2.109383,-4.3133,-1.43776666666667,3,1790.29,1790.46
1644,1,"1644-1-15 00:00:00",1644.04,-2.30235215933601,-2.109383,-4.252354,-1.41745133333333,3,1643.88,1644.04
1594,1,"1594-1-15 00:00:00",1594.04,-2.11236946588838,-1.882325,-4.219052,-1.40635066666667,3,1593.96,1594.12
1825,4,"1825-4-15 00:00:00",1825.29,-1.97012947271309,-1.693756,-4.219052,-1.40635066666667,3,1825.12,1825.29
1918,3,"1918-3-15 00:00:00",1918.21,-1.75681496166279,-1.882325,-4.219052,-1.40635066666667,3,1918.04,1918.21
1972,9,"1972-9-15 00:00:00",1972.71,-1.8203209207931,-2.007129,-4.211046,-1.403682,3,1972.62,1972.79
1621,11,"1621-11-15 00:00:00",1621.88,-1.4965012210386,-1.882325,-4.109535,-1.02738375,4,1621.79,1622.04
1778,9,"1778-9-15 00:00:00",1778.71,-1.74292001673447,-2.109383,-4.099306,-2.049653,2,1778.62,1778.71
1589,10,"1589-10-15 00:00:00",1589.79,-2.13294672748694,-1.882325,-4.086242,-1.36208066666667,3,1589.71,1589.88
1597,4,"1597-4-15 00:00:00",1597.29,-2.13393301145999,-1.882325,-4.086242,-1.36208066666667,3,1597.21,1597.38
1654,2,"1654-2-15 00:00:00",1654.12,-2.04959972446474,-1.882325,-4.086242,-1.36208066666667,3,1654.04,1654.21
1769,4,"1769-4-15 00:00:00",1769.29,-1.75521311176558,-1.882325,-4.086242,-1.36208066666667,3,1769.21,1769.38
1845,1,"1845-1-15 00:00:00",1845.04,-1.97041497517907,-1.882325,-4.086242,-1.36208066666667,3,1844.96,1845.12
1885,7,"1885-7-15 00:00:00",1885.54,-1.50830011719822,-1.882325,-4.086242,-1.36208066666667,3,1885.46,1885.62
1915,6,"1915-6-15 00:00:00",1915.46,-2.13746237472791,-1.882325,-4.086242,-1.36208066666667,3,1915.38,1915.54
1930,2,"1930-2-15 00:00:00",1930.12,-1.93864136819295,-1.882325,-4.086242,-1.36208066666667,3,1930.04,1930.21
1944,5,"1944-5-15 00:00:00",1944.38,-1.72596640616079,-1.882325,-4.086242,-1.36208066666667,3,1944.29,1944.46
1506,7,"1506-7-15 00:00:00",1506.54,-1.78756720591108,-1.882325,-4.025296,-1.34176533333333,3,1506.46,1506.62
1571,4,"1571-4-15 00:00:00",1571.29,-1.79652510445404,-1.882325,-4.025296,-1.34176533333333,3,1571.21,1571.38
1689,8,"1689-8-15 00:00:00",1689.62,-2.3384299830059,-1.882325,-4.025296,-1.34176533333333,3,1689.54,1689.71
1699,2,"1699-2-15 00:00:00",1699.12,-2.06868628687515,-1.882325,-4.025296,-1.34176533333333,3,1699.04,1699.21
1734,8,"1734-8-15 00:00:00",1734.62,-1.52949264995001,-1.882325,-4.025296,-1.34176533333333,3,1734.54,1734.71
1938,4,"1938-4-15 00:00:00",1938.29,-2.08436425516482,-1.882325,-4.025296,-1.34176533333333,3,1938.21,1938.38
1990,8,"1990-8-15 00:00:00",1990.62,-2.05802045526283,-1.882325,-4.025296,-1.34176533333333,3,1990.54,1990.71
2016,9,"2016-9-15 00:00:00",2016.71,-1.82985416819847,-1.76793,-3.927144,-1.309048,3,2016.62,2016.79
2008,6,"2008-6-15 00:00:00",2008.46,-2.11610895663805,-2,-3.904248,-1.301416,3,2008.38,2008.54
1859,8,"1859-8-15 00:00:00",1859.62,-1.69145990102338,-2,-3.882325,-1.9411625,2,1859.54,1859.62
1907,6,"1907-6-15 00:00:00",1907.46,-0.686378200195479,-1.262648,-3.81145,-0.76229,5,1907.12,1907.46
1791,8,"1791-8-15 00:00:00",1791.62,-1.76792860805135,-1.882325,-3.811236,-0.952809,4,1791.54,1791.79
1842,2,"1842-2-15 00:00:00",1842.12,-1.52684162288902,-2.109383,-3.609383,-1.8046915,2,1842.04,1842.12
1821,2,"1821-2-15 00:00:00",1821.12,-1.3247354461796,-1.693756,-3.599375,-1.19979166666667,3,1820.96,1821.12
1973,9,"1973-9-15 00:00:00",1973.71,-1.82906087805395,-2.007129,-3.507129,-1.7535645,2,1973.62,1973.71
1500,7,"1500-7-15 00:00:00",1500.54,-1.45634420937666,-2,-3.5,-1.75,2,1500.46,1500.54
1580,11,"1580-11-15 00:00:00",1580.88,-1.3676581630997,-2,-3.5,-1.75,2,1580.79,1580.88
1619,6,"1619-6-15 00:00:00",1619.46,-1.57076700041841,-2,-3.5,-1.75,2,1619.38,1619.46
1690,3,"1690-3-15 00:00:00",1690.21,-1.5690241135352,-2,-3.5,-1.75,2,1690.12,1690.21
1709,9,"1709-9-15 00:00:00",1709.71,-1.43727406768104,-2,-3.5,-1.75,2,1709.62,1709.71
1725,12,"1725-12-15 00:00:00",1725.96,-1.61985381135322,-2,-3.5,-1.75,2,1725.88,1725.96
1804,6,"1804-6-15 00:00:00",1804.46,-1.27117410450022,-2,-3.5,-1.75,2,1804.38,1804.46
1833,6,"1833-6-15 00:00:00",1833.46,-1.60746758005915,-2,-3.5,-1.75,2,1833.38,1833.46
1896,2,"1896-2-15 00:00:00",1896.12,-1.56774339782779,-2,-3.5,-1.75,2,1896.04,1896.12
1898,9,"1898-9-15 00:00:00",1898.71,-1.65750597491396,-2,-3.5,-1.75,2,1898.62,1898.71
1899,3,"1899-3-15 00:00:00",1899.21,-1.11853415392752,-2,-3.5,-1.75,2,1899.12,1899.21
2006,7,"2006-7-15 00:00:00",2006.54,-1.16543721534049,-2,-3.5,-1.75,2,2006.46,2006.54
1547,3,"1547-3-15 00:00:00",1547.21,-1.50105422122258,-1.262648,-3.466565,-1.15552166666667,3,1547.12,1547.29
1572,4,"1572-4-15 00:00:00",1572.29,-1.69287443710139,-1.262648,-3.466565,-1.15552166666667,3,1572.21,1572.38
1619,1,"1619-1-15 00:00:00",1619.04,-1.80524206974074,-1.262648,-3.466565,-1.15552166666667,3,1618.96,1619.12
1654,10,"1654-10-15 00:00:00",1654.79,-1.57680328224675,-1.262648,-3.466565,-1.15552166666667,3,1654.71,1654.88
1758,10,"1758-10-15 00:00:00",1758.79,-1.66034268708417,-1.262648,-3.466565,-1.15552166666667,3,1758.71,1758.88
1861,2,"1861-2-15 00:00:00",1861.12,-1.25735449581482,-1.882325,-3.466565,-1.15552166666667,3,1860.96,1861.12
1937,11,"1937-11-15 00:00:00",1937.88,-1.79217935360687,-1.262648,-3.466565,-1.15552166666667,3,1937.79,1937.96
2015,6,"2015-6-15 00:00:00",2015.46,-1.25336751747053,-1.25472,-3.451678,-0.8629195,4,2015.38,2015.62
1825,7,"1825-7-15 00:00:00",1825.54,-1.57045080728309,-2.147058,-3.432999,-1.144333,3,1825.46,1825.62
2013,8,"2013-8-15 00:00:00",2013.62,-1.94983525350969,-1.90408,-3.40408,-1.70204,2,2013.54,2013.62
1502,8,"1502-8-15 00:00:00",1502.62,-1.67800143400795,-1.882325,-3.382325,-1.6911625,2,1502.54,1502.62
1512,8,"1512-8-15 00:00:00",1512.62,-1.35279724865538,-1.882325,-3.382325,-1.6911625,2,1512.54,1512.62
1564,7,"1564-7-15 00:00:00",1564.54,-1.06780248592591,-1.882325,-3.382325,-1.6911625,2,1564.46,1564.54
1568,6,"1568-6-15 00:00:00",1568.46,-1.34661082213413,-1.882325,-3.382325,-1.6911625,2,1568.38,1568.46
1570,7,"1570-7-15 00:00:00",1570.54,-1.52047914423279,-1.882325,-3.382325,-1.6911625,2,1570.46,1570.54
1593,10,"1593-10-15 00:00:00",1593.79,-1.40346651315588,-1.882325,-3.382325,-1.6911625,2,1593.71,1593.79
1635,7,"1635-7-15 00:00:00",1635.54,-1.40260059620532,-1.882325,-3.382325,-1.6911625,2,1635.46,1635.54
1690,7,"1690-7-15 00:00:00",1690.54,-1.86156937819137,-1.882325,-3.382325,-1.6911625,2,1690.46,1690.54
1704,4,"1704-4-15 00:00:00",1704.29,-1.5185728133268,-1.882325,-3.382325,-1.6911625,2,1704.21,1704.29
1745,2,"1745-2-15 00:00:00",1745.12,-1.93354482377476,-1.882325,-3.382325,-1.6911625,2,1745.04,1745.12
1748,9,"1748-9-15 00:00:00",1748.71,-0.91116514008688,-1.882325,-3.382325,-1.6911625,2,1748.62,1748.71
1752,5,"1752-5-15 00:00:00",1752.38,-1.28655218363937,-1.882325,-3.382325,-1.6911625,2,1752.29,1752.38
1767,9,"1767-9-15 00:00:00",1767.71,-1.41352271175384,-1.882325,-3.382325,-1.6911625,2,1767.62,1767.71
1769,1,"1769-1-15 00:00:00",1769.04,-1.14526037403442,-1.882325,-3.382325,-1.6911625,2,1768.96,1769.04
1776,1,"1776-1-15 00:00:00",1776.04,-1.45906138111885,-1.882325,-3.382325,-1.6911625,2,1775.96,1776.04
1848,6,"1848-6-15 00:00:00",1848.46,-1.96243218072251,-1.882325,-3.382325,-1.6911625,2,1848.38,1848.46
1851,2,"1851-2-15 00:00:00",1851.12,-1.89611206772445,-1.882325,-3.382325,-1.6911625,2,1851.04,1851.12
1885,2,"1885-2-15 00:00:00",1885.12,-1.57851368085293,-1.882325,-3.382325,-1.6911625,2,1885.04,1885.12
1901,6,"1901-6-15 00:00:00",1901.46,-1.3289637119657,-1.882325,-3.382325,-1.6911625,2,1901.38,1901.46
1904,1,"1904-1-15 00:00:00",1904.04,-1.35496393603991,-1.882325,-3.382325,-1.6911625,2,1903.96,1904.04
1924,2,"1924-2-15 00:00:00",1924.12,-2.03661343040744,-1.882325,-3.382325,-1.6911625,2,1924.04,1924.12
1935,8,"1935-8-15 00:00:00",1935.62,-1.98548828324856,-1.882325,-3.382325,-1.6911625,2,1935.54,1935.62
1989,2,"1989-2-15 00:00:00",1989.12,-1.87192076481343,-1.882325,-3.382325,-1.6911625,2,1989.04,1989.12
1969,10,"1969-10-15 00:00:00",1969.79,-1.18424251503231,-2,-3.380676,-0.6761352,5,1969.62,1969.96
2009,9,"2009-9-15 00:00:00",2009.71,-1.74973433070863,-1.8148,-3.3148,-1.6574,2,2009.62,2009.71
2026,1,"2026-1-15 00:00:00",2026.04,-1.497901083057,-1.62885,-3.25502,-1.62751,2,2025.96,2026.04
1668,12,"1668-12-15 00:00:00",1668.96,-1.91224331005306,-1.989923,-3.252571,-1.6262855,2,1668.88,1668.96
1728,12,"1728-12-15 00:00:00",1728.96,-1.3198331253593,-1.989923,-3.252571,-1.6262855,2,1728.88,1728.96
1912,12,"1912-12-15 00:00:00",1912.96,-0.905208542634099,-0.941269,-3.191773,-0.6383546,5,1912.88,1913.21
2023,6,"2023-6-15 00:00:00",2023.46,-1.58999871508223,-1.95376,-3.09068,-1.54534,2,2023.38,2023.46
1708,5,"1708-5-15 00:00:00",1708.38,-1.41989664687995,-2,-2.941269,-1.4706345,2,1708.29,1708.38
1507,10,"1507-10-15 00:00:00",1507.79,-1.46503116941192,-1.262648,-2.846888,-0.948962666666667,3,1507.71,1507.88
1546,8,"1546-8-15 00:00:00",1546.62,-1.31311662464863,-1.262648,-2.846888,-0.948962666666667,3,1546.54,1546.71
1560,3,"1560-3-15 00:00:00",1560.21,-1.13101433849056,-1.262648,-2.846888,-0.948962666666667,3,1560.12,1560.29
1733,8,"1733-8-15 00:00:00",1733.62,-1.6656241192847,-1.262648,-2.846888,-0.948962666666667,3,1733.54,1733.71
1774,8,"1774-8-15 00:00:00",1774.62,-1.41165167246666,-1.262648,-2.846888,-0.948962666666667,3,1774.54,1774.71
1793,4,"1793-4-15 00:00:00",1793.29,-1.31191806059899,-1.262648,-2.846888,-0.948962666666667,3,1793.12,1793.29
1628,3,"1628-3-15 00:00:00",1628.21,-1.38908936246488,-1.882325,-2.823594,-1.411797,2,1628.12,1628.21
1642,12,"1642-12-15 00:00:00",1642.96,-1.1908304792022,-1.882325,-2.823594,-1.411797,2,1642.88,1642.96
1758,5,"1758-5-15 00:00:00",1758.38,-1.6263622825542,-1.882325,-2.823594,-1.411797,2,1758.29,1758.38
1766,1,"1766-1-15 00:00:00",1766.04,-1.47547387625577,-1.882325,-2.823594,-1.411797,2,1765.96,1766.04
1871,12,"1871-12-15 00:00:00",1871.96,-1.4062480519861,-1.882325,-2.823594,-1.411797,2,1871.88,1871.96
1621,1,"1621-1-15 00:00:00",1621.04,-1.20315372100822,-1.5,-2.809234,-0.7023085,4,1620.96,1621.21
1769,10,"1769-10-15 00:00:00",1769.79,-1.21329601518286,-1.5,-2.809234,-0.7023085,4,1769.71,1769.96
1606,3,"1606-3-15 00:00:00",1606.21,-1.30435009480836,-1.5,-2.785941,-0.928647,3,1606.12,1606.29
1812,1,"1812-1-15 00:00:00",1812.04,-1.41432872235672,-1.5,-2.785941,-0.928647,3,1811.96,1812.12
1979,7,"1979-7-15 00:00:00",1979.54,-1.38470970764234,-1.5,-2.785941,-0.928647,3,1979.46,1979.62
1997,1,"1997-1-15 00:00:00",1997.04,-1.07293932013055,-2,-2.723009,-1.3615045,2,1996.96,1997.04
1982,5,"1982-5-15 00:00:00",1982.38,-1.87867210591314,-1.693756,-2.635025,-1.3175125,2,1982.29,1982.38
1768,1,"1768-1-15 00:00:00",1768.04,-1.90948275474996,-2,-2.59346,-0.864486666666667,3,1767.96,1768.12
1762,7,"1762-7-15 00:00:00",1762.54,-1.14489774011121,-1.882325,-2.475785,-0.825261666666667,3,1762.38,1762.54
1531,9,"1531-9-15 00:00:00",1531.71,-1.18563976082351,-0.941269,-2.227211,-0.742403666666667,3,1531.62,1531.79
1659,5,"1659-5-15 00:00:00",1659.38,-1.10831735957575,-0.941269,-2.227211,-0.742403666666667,3,1659.29,1659.46
1523,4,"1523-4-15 00:00:00",1523.29,-1.47303483353071,-1.262648,-2.203917,-1.1019585,2,1523.21,1523.29
1524,11,"1524-11-15 00:00:00",1524.88,-1.49756519827204,-1.262648,-2.203917,-1.1019585,2,1524.79,1524.88
1543,11,"1543-11-15 00:00:00",1543.88,-0.888771134508687,-1.262648,-2.203917,-1.1019585,2,1543.79,1543.88
1558,4,"1558-4-15 00:00:00",1558.29,-0.921047062993823,-1.262648,-2.203917,-1.1019585,2,1558.21,1558.29
1562,12,"1562-12-15 00:00:00",1562.96,-1.1398126670656,-1.262648,-2.203917,-1.1019585,2,1562.88,1562.96
1563,5,"1563-5-15 00:00:00",1563.38,-1.31228444654014,-1.262648,-2.203917,-1.1019585,2,1563.29,1563.38
1580,5,"1580-5-15 00:00:00",1580.38,-1.16854618421124,-1.262648,-2.203917,-1.1019585,2,1580.29,1580.38
1599,4,"1599-4-15 00:00:00",1599.29,-1.13131505768805,-1.262648,-2.203917,-1.1019585,2,1599.21,1599.29
1601,8,"1601-8-15 00:00:00",1601.62,-1.34924332585167,-1.262648,-2.203917,-1.1019585,2,1601.54,1601.62
1613,5,"1613-5-15 00:00:00",1613.38,-0.872655297367656,-1.262648,-2.203917,-1.1019585,2,1613.29,1613.38
1641,10,"1641-10-15 00:00:00",1641.79,-1.36888048210164,-1.262648,-2.203917,-1.1019585,2,1641.71,1641.79
1642,9,"1642-9-15 00:00:00",1642.71,-0.916483478881028,-1.262648,-2.203917,-1.1019585,2,1642.62,1642.71
1646,2,"1646-2-15 00:00:00",1646.12,-1.2034376647944,-1.262648,-2.203917,-1.1019585,2,1646.04,1646.12
1655,5,"1655-5-15 00:00:00",1655.38,-1.18739577515163,-1.262648,-2.203917,-1.1019585,2,1655.29,1655.38
1666,1,"1666-1-15 00:00:00",1666.04,-1.33395063344472,-1.262648,-2.203917,-1.1019585,2,1665.96,1666.04
1689,1,"1689-1-15 00:00:00",1689.04,-1.17124214923062,-1.262648,-2.203917,-1.1019585,2,1688.96,1689.04
1775,1,"1775-1-15 00:00:00",1775.04,-1.44994428138577,-1.262648,-2.203917,-1.1019585,2,1774.96,1775.04
1775,9,"1775-9-15 00:00:00",1775.71,-0.968076541464967,-1.262648,-2.203917,-1.1019585,2,1775.62,1775.71
1823,5,"1823-5-15 00:00:00",1823.38,-1.46429809468905,-1.262648,-2.203917,-1.1019585,2,1823.29,1823.38
1850,6,"1850-6-15 00:00:00",1850.46,-1.22686732424958,-1.262648,-2.203917,-1.1019585,2,1850.38,1850.46
1853,3,"1853-3-15 00:00:00",1853.21,-0.690577858722084,-1.262648,-2.203917,-1.1019585,2,1853.12,1853.21
1889,12,"1889-12-15 00:00:00",1889.96,-0.779912241127319,-1.262648,-2.203917,-1.1019585,2,1889.88,1889.96
1894,7,"1894-7-15 00:00:00",1894.54,-1.52427242814947,-1.262648,-2.203917,-1.1019585,2,1894.46,1894.54
1901,2,"1901-2-15 00:00:00",1901.12,-1.31858752251333,-1.262648,-2.203917,-1.1019585,2,1901.04,1901.12
1902,7,"1902-7-15 00:00:00",1902.54,-1.66856540911682,-1.262648,-2.203917,-1.1019585,2,1902.46,1902.54
1955,4,"1955-4-15 00:00:00",1955.29,-1.70506981853808,-1.262648,-2.203917,-1.1019585,2,1955.21,1955.29
1957,1,"1957-1-15 00:00:00",1957.04,-1.06173247281961,-1.262648,-2.203917,-1.1019585,2,1956.96,1957.04
1957,5,"1957-5-15 00:00:00",1957.38,-1.23016961684552,-1.262648,-2.203917,-1.1019585,2,1957.29,1957.38
1984,8,"1984-8-15 00:00:00",1984.62,-1.3863224220178,-1.262648,-2.203917,-1.1019585,2,1984.54,1984.62
1985,10,"1985-10-15 00:00:00",1985.79,-0.845151585593922,-1.5,-2.166264,-0.722088,3,1985.62,1985.79
1760,9,"1760-9-15 00:00:00",1760.71,-1.95775144862416,-1.5,-2.142971,-1.0714855,2,1760.62,1760.71
1902,4,"1902-4-15 00:00:00",1902.29,-1.50689766536107,-1.5,-2.142971,-1.0714855,2,1902.21,1902.29
1990,5,"1990-5-15 00:00:00",1990.38,-1.02041401800879,-1.5,-2.142971,-1.0714855,2,1990.29,1990.38
2011,11,"2011-11-15 00:00:00",2011.88,-0.99430353422935,-1.88848,-2.141063,-1.0705315,2,2011.79,2011.88
1816,1,"1816-1-15 00:00:00",1816.04,-1.03950125276786,-2.007129,-2.030422,-1.015211,2,1815.96,1816.04
1999,10,"1999-10-15 00:00:00",1999.79,-0.763224691182237,-0.724288,-1.785981,-0.595327,3,1999.62,1999.79
2009,1,"2009-1-15 00:00:00",2009.04,-1.00170848305541,-1.03097,-1.76972,-0.88486,2,2008.96,2009.04
1838,4,"1838-4-15 00:00:00",1838.29,-1.13844660184402,-1.693756,-1.717049,-0.8585245,2,1838.21,1838.29
1538,3,"1538-3-15 00:00:00",1538.21,-1.35961333167283,-0.941269,-1.58424,-0.79212,2,1538.12,1538.21
1549,9,"1549-9-15 00:00:00",1549.71,-1.01952121837101,-0.941269,-1.58424,-0.79212,2,1549.62,1549.71
1553,9,"1553-9-15 00:00:00",1553.71,-1.02015915254998,-0.941269,-1.58424,-0.79212,2,1553.62,1553.71
1715,11,"1715-11-15 00:00:00",1715.88,-1.29852793260882,-0.941269,-1.58424,-0.79212,2,1715.79,1715.88
1838,9,"1838-9-15 00:00:00",1838.71,-1.51997829600561,-0.941269,-1.58424,-0.79212,2,1838.62,1838.71
1899,8,"1899-8-15 00:00:00",1899.62,-1.78050005699006,-0.941269,-1.58424,-0.79212,2,1899.54,1899.62
1913,10,"1913-10-15 00:00:00",1913.79,-1.30070940543124,-0.941269,-1.58424,-0.79212,2,1913.71,1913.79
1613,10,"1613-10-15 00:00:00",1613.79,-1.05776307090101,-1.5,-1.523293,-0.7616465,2,1613.71,1613.79
1637,6,"1637-6-15 00:00:00",1637.46,-1.06220047831969,-1.5,-1.523293,-0.7616465,2,1637.38,1637.46
1749,5,"1749-5-15 00:00:00",1749.38,-0.93352117215398,-1.5,-1.523293,-0.7616465,2,1749.29,1749.38
1790,11,"1790-11-15 00:00:00",1790.88,-0.654393769244475,-1.5,-1.523293,-0.7616465,2,1790.79,1790.88
1807,1,"1807-1-15 00:00:00",1807.04,-0.520056094160828,-1.5,-1.523293,-0.7616465,2,1806.96,1807.04
1943,8,"1943-8-15 00:00:00",1943.62,-0.549991058583245,-1.5,-1.523293,-0.7616465,2,1943.54,1943.62
1584,12,"1584-12-15 00:00:00",1584.96,-0.785229541442037,-0.941269,-0.964562,-0.482281,2,1584.88,1584.96
1695,12,"1695-12-15 00:00:00",1695.96,-0.587767105055272,-0.941269,-0.964562,-0.482281,2,1695.88,1695.96
1828,11,"1828-11-15 00:00:00",1828.88,-0.568172096509889,-0.941269,-0.964562,-0.482281,2,1828.79,1828.88
1829,2,"1829-2-15 00:00:00",1829.12,-0.802375139314218,-0.941269,-0.964562,-0.482281,2,1829.04,1829.12
1866,6,"1866-6-15 00:00:00",1866.46,-0.648149356403403,-0.941269,-0.964562,-0.482281,2,1866.38,1866.46
1942,2,"1942-2-15 00:00:00",1942.12,-0.862451354303308,-0.941269,-0.964562,-0.482281,2,1942.04,1942.12
1970,9,"1970-9-15 00:00:00",1970.71,-0.888614301107298,-0.941269,-0.964562,-0.482281,2,1970.62,1970.71
2014,11,"2014-11-15 00:00:00",2014.88,-0.715665759847058,-1.12851,-0.884211,-0.4421055,2,2014.79,2014.88
1768,5,"1768-5-15 00:00:00",1768.38,-1.06675310822986,-0.941269,-0.034729,-0.0173645,2,1768.29,1768.38
