"longitude";"latitude";"count"
12.33265;45.43713;3
11.3045597553253;51.9940432508949;4
7.579675;51.067329;3
10.21575;53.45866;2
11.88333;53.78333;29
8.33333;54.9;4
10.9398967;54.2355271;9
11.97938;52.47284;2
11.8575315052797;49.4446984230012;516
9.66118812561035;48.3867532099209;4
8.74752044677734;47.1277317434744;2
7.2774;47.623;4
10.38333;50.56666;4
11.0418;49.7415;1
7.527;48.311;8
14.5;49.5;1
8.77583;49.73333;626
9.1615;49.2306;5
6.777706;50.380557;37
11.2480683598022;51.189457341121;9
11.2993026256561;52.6071284007048;2
7.783;48.0527;18
12.8;50.1;4
10.2048333406449;49.7276502791043;8
7.65721;47.87467;11
8.019086;47.840031;2
13.536873;51.293056;2
7.1868;49.894;2
8.70622468521117;49.0362551978181;3
10.8;47.700001;5
10.25;51.05;24
9.2144;48.8053;16
9.73500292590336;52.371722030463;956
8.34148235847476;49.767606504964;2
10.68729;53.86893;1
6.85341;47.48327;1
8.67846374511714;47.2438361966406;13
14.2919647989502;46.6868922641273;1
7.3696;47.7878;5
9.27408174331663;51.1307682300375;9
7.2659;47.642;4
8.5715;48.2896;12
7.6046;50.3586;15
7.2165;47.5351;4
5.36035537719727;46.0530841058025;1
9.2039;48.9708;1
10.03333;49.68333;22
7.1134;47.6069;7
9.843;48.613;2
14.8705900899658;52.4541490452209;1
9;50;4
7.1293;47.6397;4
7.75471687316894;48.1485076388276;1
9.95131179161831;48.0709784991841;1
7.908;47.9663;1
12.1755339179992;53.7933820048078;12
8.98584990074164;49.4622407034277;14
8.7857;48.4505;5
7.8128;48.0147;8
11.0064121481934;47.7944763628494;8
11.7381027989502;52.0210818973494;4
7.5286;47.7089;12
11.9707228937568;52.5408167815821;26
7.09704627134738;47.6660303338571;1
9.67653025131222;50.5516437102166;102
7.3179;47.7211;57
9.8142;50.0439;3
11.43333;48.76666;18
12.09;49.05694;4
7.1204;47.5954;1
7;49.23333;26
11.2030827857361;51.383345958198;4
11.6798109417725;51.2235612287645;52
10.1086259841919;48.1237198179877;3
14.2762245092621;45.2916747436891;1
10.23333;49.86666;10
7.81941;48.007392;31
9.436199963646;54.7827669792367;24
9.75;49.11666;1
9.41793;48.70968;1
7.0788;47.8305;10
13.28333;54.3;1
9.5603;49.7729;1
7.71137237548828;47.9346317602466;2
7.8817;48.1012;6
10.0712143909072;48.4153874679494;1
7.8654;49.9563;1
10.6;53.6;1
7.2047;48.0537;19
6;48.4;46
8.4132;48.0756;11
9.025;49.3417;1
7.6404;47.5921;2
6.2956;48.4652;3
8.05787086486816;48.3039788795985;5
7.21399;50.83868;2
7.306;48.0427;1
11.7;52.93333;2
6.95;50.93333;266
8.6;54.33333;5
8.55347077846523;47.8920678492015;1
9.0041;49.4323;6
10.16666;49.71666;12
10.98793;52.091542;1
8.1359;48.8859;8
7.6295;47.8066;1
7.31875378332518;50.9615520627562;2
10.0993;51.6821;1
9.57070494373318;50.5750444063427;4
10.28333;49.76666;3
8.8403;47.75935;12
7.24662166400913;47.1414989432402;12
9.1546;49.0762;25
12.983437;50.985234;4
11.4319567089844;48.6286217389164;5
11.85493;52.27152;4
11.9;54.9;10
12.3;45.5;195
10.2;50.8;3
12.6235990476684;50.6036911001681;2
13.133333;51.533333;3
9.296279;47.762237;2
7.2985;47.8381;22
7.84830182790756;47.9896488116854;1
9.23958778381348;46.5490034092267;2
9.47411795372011;49.6087072735506;19
8.96004;46.01008;8
10.36666;50;3
7.83333;52.21666;122
8.3713;48.3094;6
11.8474056957702;50.8022945857449;2
8.4368;48.7964;15
7.6463;50.2715;2
9.5314;49.7252;2
13.4705445396728;51.1631345530546;206
11.3703614484406;51.0845060699783;6
13.5;50.3;18
8.18890638351445;47.6755141833347;2
7.826824;48.003588;3
13.644676;50.502291;12
14.379800250618;52.5330879308702;1
12.1309445740661;50.1697517617778;4
7.6037;48.2517;3
10.3203181083679;48.5680063431511;2
13.090451335907;54.3159992854783;3241
9.36637032142642;49.5844429391506;10
7.1094525872802;51.1459443050738;5
9.3;48.83333;3
12.15;48.53333;29
7.3204;48.1503;7
7.81153720104976;48.5736542292166;129
10.2205;50.0312;56
8.99166;49.205;2
8.35;50.01666;2
6.333333;45.583333;10
8.34851;51.44488;1
6.6306;49.7475;3
7.33882382537843;47.7472806619769;574
6.18150241139222;50.7288607146333;7
7.1054;47.6157;15
6.845;47.822222;3
10.16666;49.3;3
7.54799365997314;47.102264862022;2
8.198082;50.042648;12
6.0684;48.8417;4
10.98461;48.26559;2
10.9326971798706;48.7216514331108;6
8.00796031951904;47.9798681354376;3
8.4565;52.0714;1154
7.71193027496338;47.9588211915508;2
9.1705;46.9633;2
10.06639;53.53561;43
7.2766;48.0867;69
7.5455;48.0389;6
10.02401;50.6418;1
10.2;47.91666;2
9.71666;53.95;3
8.5823;49.38217;3
7.6435;48.514;1
8.80582065872193;48.099571369719;5
9.6904;50.0561;11
13.752136;49.618718;3
10.0686264038086;48.0950502533294;6
8.8467;48.9323;6
9.81666;48.38333;4
9.91247;53.50771;1
13.757629;50.764694;2
7.7;48.4;752
10.1;52.6;8
13.1629947089843;50.0912368129363;38
7.1138;49.9509;10
9.1799;48.7785;27
8.0906;48.1593;3
8.9;47.7;2
5.57206;50.640643;2
8.64061012695311;54.516145;34
9.56666;50;257
8.5684;49.4715;5
7.8389;48.1217;1
6.1029;48.6155;6
13.13;47.11;6
6.562;49.6053;17
10.41666;49.51666;1
11.2610180224457;47.4420070864301;80
10.03333;49.46666;7
9.1665;49.1153;3
7.95068198650705;48.7646605583903;1
11;47.4;231
7.6557;47.6267;5
11.45;51.83333;4
8.31666;51.83333;9
8.05213630199432;48.0999230230832;4
6.978889;47.783889;2
13.0801250952759;51.9915396071194;2
10.15;48.6833;2
11.736832;52.042778;41
9.334774;48.558886;2
9.22166;49.90138;1
8.116111;49.751667;3
9.93333;51.01666;4
9.4192;48.7074;4
14.5;52.901;8
7.44378407005308;46.948226128013;369
9.1571;49.0272;5
8.49093833862298;49.4534036517813;11
7.7266;47.9381;2
9.83247;47.6895;2
8.82116;54.77806;1
7.9605;47.5866;2
7.61666;50.3;32
9.01666;54.33333;23
13.8;53.21666;6
10.88333;48.41666;10
12.3764212017823;48.6195535312595;226
11.6770131058349;51.0427469072765;4
8.36666;50.68333;5
7.8115;48.4312;8
12.43333;52.4;2
12.4;50.1;13
9.25746016502376;49.7011657886684;2327
11.76666;51.9;9
13.498307;52.514556;1
11.6165097962952;53.144736403244;3
7.75420188903809;47.9377369194312;3
10.417442;50.563395;5
8.8416;48.9396;2
7.7671;48.9511;2
9.3114;48.8288;1
12.43333;53.48333;5
9.51722;49.76194;106
8.23408126831055;47.6087092187798;2
6.624;49.7326;8
11.736832;49.893529;7
9.50889028968811;50.6241864995624;5
14.279866;52.688532;8
9.241;48.77;11
9.1522;49.2883;3
7.7634;48.3499;8
6.18324144584653;49.1160778437075;236
9.8579;50.882328;2
7.86668306878664;48.0449227733927;1
11.4233440648651;51.7063165913086;2
11.5213105396729;48.0540455888126;1
7.5782;48.0277;8
7.79271551246256;47.5542885242955;26
8.87722;49.25527;10
10.21666;49.63333;1
14.4743366241455;48.9745413772942;2
7.7765;50.0319;2
11.3455797195435;51.0758284432138;1
13.4413096427918;50.716741516231;2
7.942;47.9673;4
10.103;49.4467;12
7.858455;48.010576;22
6.4002;49.6093;15
14.892654;51.223443;2
7.506;47.7598;1
8.1052;51.3878;1
10.18333;49.71666;11
11.6304016113281;48.0998654157728;2
14.9327687460938;51.0147660900249;2
9.284482;46.836557;34
6.16667;49.36667;11
6.99850338917156;50.9641364391421;9
10.28333;49.63333;1
9.68699676092149;49.3043590070192;14
12.369747;51.017426;2
11.55;48.75;5
8.93333;54.41666;21
8.5639;49.4736;4
12.5045919418335;53.8939436684085;5
9.214;48.712;1
8.4911;47.3496;1
7.8237247467041;48.5212662036191;7
9.69356516532901;49.857268156412;2
8.5232;50.18424;1
9.59608570367436;53.379412197395;261
14.811287;50.897187;5
14.58333;51.41666;214
7.9391;50.8168;2
8.20871829986572;48.8574728849071;12
7.9501;47.8945;1
7.85532385110855;47.9905804644442;1
7.7587;48.5876;2
10.56407;51.82809;14
7.761;48.0318;38
7.62541276715092;51.9629575435929;107
11.9832227116394;52.7957056291482;2
10.38333;51.25;13
9.86388;49.8375;6
10.53333;52.26666;13
13;47.3;1
10.6880021666565;53.8685984773675;108
7.8867;47.9891;3
9.99642139962771;53.5504048276126;2591
11.9056929695893;50.9682717015956;40
10.8631949310303;48.3481111969823;79
9.056;48.5202;34
11.2497;49.6444;3
7.77;48.4754;8
8.75518354492192;50.3367448950534;28
13.0268506315995;48.2656729073479;63
9.18033592700954;49.711186388436;3
9.5;51.302;1
10.9837104867554;52.2761008779033;2
9.2187097168885;49.1422954782345;3203
14.1;51.26666;2
6.76667;51.46667;1
11.01666;49.48333;6
7.69875526428223;48.142437039154;22
11.5782;48.9469;63
7.15075731611637;51.2498521367651;8
5.86277276455689;51.8479207208976;4
12.6329634074096;51.4598748916015;885
8.6928;48.4451;5
7.849214;47.996084;3
8.1091;48.2872;12
7.6771;47.7167;48
12.1417306786346;51.2566746532642;6
10.8980298174133;48.3688199490025;1737
12.9410628795624;50.5127781386311;19
5.0913;51.55551;3
11.33333;51.33333;5
8.4043;49.0135;18
8.03390264511108;47.8713811060038;2
7.05;47.86;10
9.20104606151585;52.2010981415756;2
9.17214243522642;47.8092022430419;5
11.9428514437866;49.0908512200088;2
11.5;52.1;3
10.9;47.81666;79
9.5792;48.9824;1
7.824701;47.976005;38
6.864306;45.8325;4
12.1356007658234;51.0493826118436;18
9.5;49.2;9
7.3281;50.776;2
10.06666;53.5;5
10.0833;49.6667;9
7.7807;48.365;8
8.59719121957392;47.2596680823543;2
9.86666;51.81666;10
9.34267;47.39986;23
11.7430664187241;48.4006446414873;23
7.7999;48.5742;120
11.2889653921127;52.7039105072559;2
7.5325;46.7798;18
10;51.5;9
7.1161;50.1021;9
8.36666;52.31666;2
8.0458;47.9839;20
9.2552;48.7824;13
11.972410656128;51.2009277273384;23
11.26666;51.91666;1
7.20531493652345;53.3667889349134;76
13.73737;51.049596;11
6.55968512297056;50.4165784844904;1
11.096931552887;50.6617091428023;46
7.4925;48.5415;16
7.220278;47.101881;49
9.1467;49.0439;8
13.36666;50.93333;1
10.140893829422;50.8796002201542;222
9.11504;51.41216;5
8.53134;47.3401;4
8.39879;49.09006;5
7.4;48.3;352
7.33911174316693;47.8078739295187;1
11.5879795899353;50.9281409950224;1758
7.96724445899963;49.9826355397189;25
13.6327;52.2726;2
7.0718;47.8434;5
6.378333;47.205556;5
12.86666;51.31666;4
7.8455;48.5693;28
8.51938247680664;47.0276340602237;2
11.623742;51.088423;2
7.647;46.5864;4
9.1945;49.1336;2
7.0752;49.9157;7
11.65;52.78333;3
10.0762248283195;50.1997270108464;3
10.3337358862;51.8040109553255;8
8.3133;49.0376;2
9.25;50.91666;16
8.71793861389165;49.7188871471916;283
9.5184;49.7612;5
13.38333;53.45;5
8.40608;54.7143;2
10.9072990449524;50.3007850977922;3
6.5316;49.1942;4
11.5731309814148;48.1385704716728;10915
7.5911;50.2326;23
7.75334358215332;47.9141560435387;4
7.9;49.96666;44
8.8053751468658;50.1520899004022;2
9.738007;52.371198;9
8.91418;50.13423;93
8.85047206878664;48.2732337808222;12
9.12220745801926;49.7900413967363;4
11.6357654457855;52.5440694004211;1
7.2345;47.9357;2
14.718246;51.996719;2
9.116667;51.116667;521
13.8229687737885;50.7836769719934;2
7.4055;47.9904;15
10.9800824311828;48.355393681046;8
7.72340620226689;48.4699815320645;2
12.556319284439;51.0559213772161;1
8.3732;48.3113;192
7.1182;48.0326;9
8.08428525924683;48.2845735127741;3
8.85457372877499;51.4602562530635;2
9.75308341796881;49.6393999963719;2
10.86666;53.96666;146
11.286049;50.899569;1
7.8627;48.0219;24
12.0551391124725;50.0729265751275;35
13.2648907547759;52.402404667935;4
7.37904746922279;48.2408104068571;2
11.4857159087067;52.4469404354962;3
13.166667;47.6;3
6.7571;50.90454;1
7.1987;47.9208;108
7.7389;47.6433;24
9.1436;49.9738;104
7.6806;48.4899;3
7.73333;49.85;3
7.3371;47.868;34
13.4485194206238;52.216206439017;5
8.5886;48.8464;2
7.9414;48.3094;12
12.8719019152832;50.23217;38
14.625695;53.651743;3
8.578;48.3045;1
7.64352813211651;48.5140154266179;1
12.086389;47.511111;24
12.484052;53.346268;2
13.41465;52.522697;95
7.55512293522003;47.9893640376422;1
7.3853;48.0083;56
7.7475;47.9175;46
7.229167;47.885833;5
11.25;50.86666;2
7.8566;48.0133;3
10.0419;47.694;3
11.9281908729859;53.3179544725295;3
10.4884592010499;48.850993375292;17
5.878611;46.941111;4
12.9219815026855;52.4979099338186;1
9.68333;51.26666;2
8.7441;47.4575;1
7.9428;48.4689;144
10.31388;47.72673;113
11.923770904541;48.1202675272745;6
7.842131;47.997634;11
12.5737573544922;51.4565015279044;2
7.75;53.3;1
12.769363666687;51.2511147479209;2
9.7;50.501;153
7.38192;47.9464;16
13.2354055107116;51.6924300634011;19
10.36666;50.01666;3
11.255364;48.177757;6
8.5472;50.0983;19
13.95;52.33333;2
9.28333;53.63333;2
11.0037727116394;49.5977593613418;182
8.0255;49.9919;5
8.63333;49.68333;56
7.2861;47.9846;4
12.9444694519043;47.87784349464;1
9.88194;49.9125;3
14.11666;52.41666;5
7.7567;48.3288;8
9.63944;49.67083;13
6.33333;51.51666;5
13.80028756604;47.9193441245803;3
9.96666;52.15;5
8.010398;49.998486;2
12.28333;52.26666;2
11.9483608624267;50.9898880083069;2
7.5656;47.6496;1
9.21856401985167;48.6802153198351;1
9.065833;47.569444;14
10.25985;50.03895;2
9.08859754631044;54.3762249231825;1
5.2679;45.0505;1
8.046944;46.787222;1
13.2193825264587;50.5604712868679;3
8.99751091003418;54.1653284113569;1
7.8822;48.6915;4
7.87050247192383;48.6004521023579;1
6.883056;47.440556;1
10.6;47.7;8
9.52223;47.21071;1
7.77008056640625;48.069591188527;18
7.6;48.1;3
9.5;49.8;9
9.57328991401675;49.6796471068736;8
9.5988;49.8441;29
9.31783676147461;48.6941170370765;7
12.3;49.9;2
8.0592;48.1007;27
8.034;48.3922;14
10.1618105661011;49.7388218452459;2991
8.8;46.2;23
11.86666;49.35;2
13.11666;51.11666;454
14.3463629245758;52.5721637113986;2
12.71666;51.23333;19
7.701111;48.7925;1
11.75;50.73333;2
7.11666;49.95;8
7.0073;49.9802;1
5.77005386352539;46.0588786449347;1
13.27532;53.56414;5
13.4124180847168;52.5661773042733;15
11.3;49.66666;4
7.0523;47.7556;22
7.54074096679688;46.8437554723547;110
12.5812271481323;51.4387875904949;5
8.5;50.55;12
11.736832;47.338823;8
8.1608;50.0343;2
9.0421;49.8332;112
14.377370010559;51.5716217640477;17
10.23333;51.13333;25
8.66460800170898;47.2993726687214;1
8.435;49.9925;8
7.1274;50.0568;7
9.976944;52.3725;1
7.1404319497376;50.2325342971564;2
7.5042;47.6884;2
6.95827265341188;50.9413261758928;404
7.83333;51.33333;16
7.818589;48.007353;28
6.77209002642826;51.2258567870197;112
10.9454402446747;50.8337162361631;626
9.6889;49.2799;4
8.83333;50.11667;12
12.41666;47.86666;8
8.50075721740723;47.8377608117942;3
8.48556518554688;48.0863359558819;6
11.176529;53.049366;66
9.3089;48.7391;7
6.6433;49.7562;28
8.22360992431641;48.047906648914;1
6.36749267578125;49.465988539241;499
8.11666;51.58333;63
12.95;50.56666;6
9.644723;48.59453;1
7.0998;47.6563;3
9.067841;47.009289;2
8.59285354614258;49.3943288915635;1
11.304245;51.471119;4
6.224172;50.776107;2
7.74158477783203;47.9232445810948;4
8.05;52.15;4
14.00164;51.52517;1
8.06031653973389;50.0135448780095;18
11.5786020899047;51.5084764478914;2
11.3523;49.3131;22
13.546667;54.222778;13
8.70776043048863;53.1107740630828;8
7.844967;47.995256;3
11.5595054626465;48.1159700030724;3
10.9;50;3
10.66666;50.81666;8
9.67861;49.0975;3
9.74670291534426;49.2925674115427;4
11.1006222724915;51.3559499386875;13
10.63333;52.13333;17
10.800382;50.063457;1
8.5675;49.4709;9
8.1424;48.2135;2
7.7787;48.0596;40
7.6164;47.5593;36
6.63874;49.44331;18
7.6611;48.2909;2
6.78533629234312;49.9566062274551;4
8.7104;49.4147;1
10.5;51.5;17
8.2431;46.4698;1
10.8607;49.9326;1
7.84136831760406;47.982424790655;1
11.16666;52.16666;6
12.3;49.4;68
9.5;46.9;14
8.643199;47.269692;1
8.84555;49.0775;5
7.764398;50.086605;35
10.3293174153137;49.4943696762458;16
8.4515;49.905;4
11.41666;51.68333;3
9.54231;50.5925;8
7.1701;50.0401;1
8.0986;50.0091;2
8.65388;49.61333;10
9.8604;48.6528;3
7.8566;48.0134;3
10.5311627751159;51.1988571217972;4
8.2462;46.896;1
6.66383160447697;49.7613572665515;1
10.2608635264587;49.7042634831271;42
7.2975;48.1669;12
6.840556;48.665;1
7.5;53.33333;1446
11.1514510041046;52.5358229945555;1
11.451874;46.750683;81
10.38333;51.23333;15
13.4889707565308;50.7422520100173;2
13.4658908624267;48.5741015499156;118
10.08333;49.73333;11
8.605042;49.126915;109
9.42383227514642;53.7879655787417;29
6.5;49.5;7
10.6150546878052;51.7997291182725;75
9.52362040336607;48.7140549688497;3
7.2942;47.6951;29
10.8848762062988;51.6661145453578;3
7.8119;48.2529;29
10.2305431848336;49.730604649106;2
10.21666;53.36666;3
12.3;52.8;2
9.52531;50.34891;5
7.0485;47.3083;1
14.28564453125;47.4851533899847;188
9.1119;49.3472;13
10.416667;50.533056;1
7.8017;48.0175;67
7.4148;48.0418;57
12.25;50.5;42
10.3195782434082;50.9746566675891;219
7.824889;48.009834;3
10.1380936032105;49.6325795218626;7
7.821403;48.008542;18
13.95168;51.86217;6
9.5;49.801;1
7.1126;49.9489;5
7.85134077072144;47.9904458335823;1
8.33333;48.1333;34
14.7537732124329;50.2184336772511;7
6.9513;49.8815;2
12.5266531693115;50.7371161602472;1
14.08333;53.35;1
7.53240949986767;47.6387635707262;5
7.3;51.83333;17
8.6639;50.1815;2
10.41666;49.3;4
7.6795;48.4769;3
7.3205;48.0855;5
13.50525;45.500619;2
9.42166500202177;51.1346444930151;15
11.239154;54.493088;1
12.3859910343323;50.9982677489066;1
7;53.001;15
10.4459490674591;50.8257316602415;9
8.77783;50.00976;1
9.2;48.801;2
7.8988;47.9879;36
13.8562484073486;53.313557082552;12
12.2655442010498;52.595356793429;1
14.9560616878052;50.9072266146904;22
7.839775;48.003732;26
7.846845;47.98892;3
13.4685947512817;54.3531300741824;6
7.9092;48.3388;3
10.8728710410919;51.3702335055084;7
11.540151010559;49.7565256386086;3
11.736832;48.38909;5
7.0937;47.7506;10
5.32211849737553;45.1544794724255;1
12.56666;48.88333;5
8.61666;49.53333;7
5.099132;45.961913;1
13.0343660171966;53.9071889938499;16
11.14929189682;52.8494039109184;13
7.2513;47.5856;8
7.7867317199707;48.0330291016205;2
7.923;50.631;4
7.8466;47.9943;11
7.82089;47.65105;42
6.9957;47.8904;1
13.112925;51.299271;1
9.66278609325411;49.622846926483;26
9.47796297073364;53.6003901090063;18
9.6435;47.8087;1
8.01666;50.36666;65
7.92182;49.97841;42
13;53.5;28
9.32010232673645;47.6749812583611;8
9.68888;49.28194;1379
9.1;48.5;16
7.6482;47.018;1
7.087;49.9792;2
7.5948;47.5582;11
7.8365;48.6056;4
10.1249;49.6676;6
13.0902;51.104;1
9.32390196434017;47.7251103005549;7
7.5566;48.0942;5
7.11291512306695;47.6395381693718;1
10.46666;52.9;4
10.75;50.51666;2
9.57453036008837;49.9306820020613;1
10;53.6;2
9.2901964735413;49.0683686982725;6
10.2;50.001;19
14.2879697799683;49.6980340487574;17
8.7598;49.4197;3
9.6375;49.66111;8
11.2147073518372;52.6765197465374;13
7.2903;48.0729;36
8.9681;50.0765;19
11.5171399151611;50.7745991282786;3
7.2177;47.9686;3
7.8499;47.9963;3
10.2344565277863;50.045029193428;3115
12.43333;53.06666;10
8.563447;47.294414;2
10.8360591461716;51.1541269574815;2
11.7212;52.0029;1
12.4;49.01666;1
7.31826782226562;48.5275192374508;1
14.6945;51.2537;1
13.0497657060623;50.5465594901857;10
7.597;48.0988;1
9;54.3;58
8.35547985054018;49.5354470666784;17
7.4461;48.1274;37
7.8566;48.0983;29
11.3243;50.6892;1
7.6;50.35;1152
7.8564;47.9652;11
13.180556;50.536111;38
7.2502;47.8255;12
7.1469;49.0543;1
9.08138;49.92111;660
13.9;46.8;16
8.6797;47.595;1
12.9546831959228;50.4286094102937;2
9.1548;49.01;4
10.45;50.11666;8
8.2;50.38333;1
8.1002;48.065;2
6.77;47.384722;1
8.73333;48.71666;9
7.289722;48.350556;1
7.1296;50.799;2
13.3477;52.48388;14
10.75;49.1;4
13.7460177089844;51.0629464002912;47
8.698;54.9624;1
6.0751;49.0584;10
9.4;47.501;20
7.8089;48.5351;1
9.5147;49.7607;22
12.519505;52.139109;1
6.7434;48.0826;4
9.2805290222168;48.8846985984646;3
14.2150872552947;50.7821596626534;9
12.6958157539368;51.4565787293003;6
7.3059;48.1514;1
9.08065;45.80079;6
8.70928275152585;49.41213850712;240
7.7275;50.1397;15
10.05;53.53333;2
12.6033473968506;51.5028317475939;4
11.4963736534119;51.0977564204351;3
10.15;53.46666;1
6.709042;53.595969;2
9.70708103179936;50.8685322160932;14
10.0075155496597;49.5163326227943;4
7.7193;49.9626;1
11.5497207641602;48.0224242545216;4
12.55;53.06666;1
10.1790062790681;49.3771553851033;2530
8.2681;49.0514;5
6.43333;51.2;4
12.407255555542;51.7993269563376;2
10.66666;52.03333;4
7.8569;48.0134;2
6.4991;49.1834;7
11.0000398333435;50.9560347254186;17
14.2181588882828;52.7591419105155;36
10.88848;49.72176;24
7.2;50;152
8.53333;49.7;84
13.5346281891632;52.2637249402439;1
7.888;47.7046;6
13.35;50.7;2
8.10958391522217;53.5273758506654;5
7.1491;47.6566;8
13.8283538818359;51.2524610052876;2
10.51666;49.23333;2
13.16666;50.5;2048
8.69110000000001;48.4444;4
12.2;48.5;3
7.1829;47.5331;5
7.1148;50.7506;16
7.0197;50.5222;1
13.3276174020996;52.3878590454809;12
7.0112;47.8797;11
7.371667;48.231944;2
14.5603175395509;52.7710968721097;2
5.37;50.47;1
10.65;49.46666;5
11.1;49.508;3
8.5864;47.3583;1
9.44663;50.91011;2
6.3646;49.4703;1
12.013764;50.423667;5
5.7738;48.477;2
13.39139;52.55035;1
8.56083;49.46444;13
10.3737946759796;49.7707276083976;5
8.51745;47.17242;2
10.16666;49.38333;2
7.7443;48.1202;71
5.05019298413083;45.0401011997395;7
11.9949670846557;50.580586919474;3
11.98711;52.59053;6
9.81666;49.9;31
13.7765763412781;54.053492784295;4
12.46666;54.25;18
5.16667;48.78333;3
7.9883;48.4067;6
9.1898;48.9937;7
9.16056602111814;47.7671287391301;65
8.06044;47.56511;18
8.20698022842407;48.8571199401534;1
8.66756916046143;48.8889596551171;1
7.84863710403442;47.9897457474385;2
6.8492;51.1208;2
7.7544;48.1537;77
7.5888;48.3574;962
13.66905;50.89621;5
12.3001;51.0426;1
7.2714;47.6905;5
7.84000039100647;47.9912424123749;5
9.2;50.58333;1
9.5193;49.762;10
10.2781824232788;47.4074295074138;6
11.4696318875885;51.6044849848014;1244
6.54303716400148;50.6200570844563;1
6.569824;54.749991;1
11.7812919616699;48.6402537915998;1
8.0086;48.1353;2
11.8541622161865;48.1504546602238;2
11.5699768066406;49.9370797569753;4
9.1833;47.6667;12
7.28333;50.56666;38
8.98844;51.36701;2
8.1507;49.354;2
12.588786;50.95998;3
10.9306263333131;48.7327072764867;313
8.0848;48.6185;3
7.9713;48.4513;5
14;53.21666;3
6.91842841006473;46.6956509871504;1
8.08209415893555;47.4096679192002;3
7.4642;48.7192;3
7.2884;47.574;2
7.836691;47.996338;7
12.2961339950562;51.7875677055456;109
11.2;49.5;6
8.3853;48.2264;4
11.4241058122253;51.1535595146874;5
9.4955;47.4772;9
7.9099;47.98;81
10.46666;51.25;14
11.3242155609131;50.6900293103412;3
9.36731982341769;51.1768565770753;3
11.438611;53.996389;3
10.1162624359131;47.1305346921156;1
7.3525;47.8682;1
11.85;50.73333;2
9.26895528305056;49.7147130273385;30
8.46666;48.03333;2
7.4829;50.8449;2
7.5728;48.0695;2
12.319775;50.947646;2
11.41666;50.81666;4
7.5071;48.183;3
7.650604;47.444343;17
7.5084;47.7876;2
13.01666;51.06666;40
7.7412;48.5843;2
11.0998819828034;49.3551577267587;2
7.555;48.0145;2
9.4;51.0333;13
5.95991706848145;51.6906365246469;5
10;50.2;2
14.2421;52.6635;1
7.3257;50.4862;2
7.94611;47.5537;4
8.98496078308108;54.3996752326149;21
7.9538;48.2472;43
8.35;47.88333;11
7.6689;47.9531;4
11.915402883606;50.3165584034051;6
7.8567;48.0135;3
12.083931;50.879427;10
7.2696;47.7373;2
8.83333;49.61666;22
11.8384983333131;50.8165103498496;3
6.833235;50.93839;2
12.930334;51.45581;3
9.19181026193235;45.4643210787097;21
11.4;53.08333;2
9.13694;49.91222;2
9.41426982012945;51.4474285827411;4
6.64756533065793;50.6923527833587;2
8.8074;47.6748;2
7.7;48;949
8.9836;49.4631;62
9.55;50.11666;1
6.2393619;50.590336;2
7.888;49.965;3
7.2343;47.4574;1
9.83551025390625;48.6265551131029;2
10.18333;49.95;79
7.7569;48.3864;8
7.85518705844879;47.9906253413202;3
13.3;50.4;9
7.2341;47.6398;4
13.3323493002472;52.9794301889973;9
6.89308;49.98596;4
9.96666;49.76666;6
7.292;47.9116;14
8.0243;47.9354;53
12.376517165329;50.7359524519659;10
12.0063050746918;50.8896191588605;2
7.94723510742188;47.9775124533896;32
8.67455628039556;50.5864048451372;21
12.1955;50.9523;1
14.0459051587525;53.7371751367226;1
10.81666;48.45;2
11.3;51.5;14
11.7093;47.4619;1
12.8258331548309;47.9990954390051;1
13.4806;49.0865;1
6.408065;46.077572;2
12.2426;50.9394;1
7.7836418;48.0911233;1
11.900161312828;54.1067860629946;6
11.0164794921875;45.0555516831988;10
8.84444;49.89888;4
7.3217;47.7701;16
7.595;47.6306;8
12.866667;48.683333;15
8.1779;48.975;11
7.5;47.001;1
11.5881298095093;50.8027882794494;13
8.6438;48.9634;1
8.5655;49.4657;9
9.5;48.2;4
10.71666;48.61666;1
9.63490457672117;51.6598906321151;12
7.2786;50.5655;9
7;53;25
10.55;52.16666;53
9.4952;48.4127;1
12.1473594656982;54.0901068800743;504
9.86972;49.81;8
14.03028;52.787676;1
8.13723;49.315278;44
10.073;49.5534;4
8.8015;50.1319;4
11.7818199884033;51.8102812810115;303
11.46666;51.15;7
6.263844;50.573148;2
10.353584;50.394512;2
8.76305;49.625;1
6.16892531478879;51.3703008384743;26
11.0474607645569;52.6124032879249;1
8.09263229370117;48.0072665859055;6
9.9;51.5;57
11.28333;49.16666;5
9.2645;48.9073;7
8.21502685546875;47.6190083887106;26
9.01666;48.7;8
10;53;36
12.0863;50.8479;1
8.61811937301638;47.3981945248788;5
10.6178604259338;51.584608;1
7.79738376140597;50.3125124663412;11
7.80327558517456;47.8661127274704;7
7.1456;47.7303;4
10.11666;49.75;7
12.7295963650513;51.5298327043511;6
10.5235560125199;52.2642608284271;40
11.05;49.51666;3
13.8149643173829;51.0539122820829;3
11.524;50.0952;1
10.668279;51.83119;2
11.463547;51.75254;3
8.42777;49.32972;113
7.833;47.9968;57
7.6025390625;50.3097346793397;1
7.3842;48.0955;97
14.2497746944427;53.9092479886082;6
7.5424;50.3219;1
10.1536960840225;51.3045378228912;8
7.77825;51.44337;2
6.08239396560668;50.692778655568;2
8.37387800216675;48.4590064568324;2
9.7265625;45.1425610209447;4
14.4233372955704;51.1823492029729;19
14.0300684338379;52.7875736846641;13
10.4;49.53333;2
6.931;46.919317;5
10.0695;49.1161;2
8.45890201852421;50.2324611777834;1
8.0877;48.276;58
12.9122;50.5407;1
9.62083;49.76666;5
5.57186688095089;50.6403027969195;33
9.95151043914791;52.1527668642012;1
7.8206;48.5099;21
11.99913;48.156009;1
8.99944;49.79972;4
7.75134798153681;48.5820162233963;1939
8.607222;50.230833;6
8.1414;48.4957;5
13.18333;51.06666;1
10.43333;49.48333;2
6.56666;51.33333;8
12.13333;50.86666;9
12.5852384603272;51.5910553069073;1
8.04851531982422;48.5391137294973;1
7.1817;50.0265;6
6.901;49.823;1
8.36540222167969;48.7192817069029;3
11.31666;51.11666;5
10.1088;49.0161;1
8.20336218650823;49.1206679360121;2
7.86221444606781;47.9907402259447;2
8.42462539672852;47.9706171565468;2
12.3300500727692;51.6238382515294;1
7.67532348632812;48.2022526393429;4
8.0792;48.5313;9
5.75;52.25;5
7.45844023139955;50.4272868871621;197
14.8436;50.8965;1
10.31985;49.06942;10
13.01666;51.3;2
11.66666;52.98333;6
10.1436573754883;49.6668908093246;280
9.1;54.5;3
10.33333;49.51666;7
6.41049923754883;50.6621332397924;1
6.1819;48.7091;26
11.18279;47.97463;8
12.83333;48.16666;149
7.5799;48.029;109
11.5422;48.0851;1
7.559167;48.780833;2
10.4;50.7;22
6.257807661377;50.4076971845586;1
13;53.01666;1
13.4517503253479;52.753567781804;1
9.63333;49.30777;5
9.1483;48.5312;12
9.57381;46.94605;12
10.7;51.001;31
10.6142092962647;51.0656789482842;2
7.73;47.8811;4
7.923;48.076;268
7.5;49.8476455362948;41
9.94071;53.524166;1
10.9714;51.4075;1
11.41666;51.8;2
7.857209;48.007401;3
13.61373;52.50935;2
6.2041;49.2409;1
8.955917;48.656727;313
11.46666;48.66666;6
7.0714;48.0128;2
11.23333;51.55;2
13.7589907646179;52.8598459788227;6
9.66522216796875;54.3000984328867;2
11.121822495987;46.0670226872492;7
13.070182;50.747096;34
9.6679;52.0205;1
6.16667;49.75;7
10.2435734272003;49.7286420242951;10
9.06666;52.51666;6
7.2215;47.5104;1
8.0701;47.9167;1
12.9811195714111;50.9855581920141;22
14.8;52.3;6
7.0657;49.1107;12
9.96908471694951;48.4332374595827;1
8.94065518379216;54.3162594742545;6
8.58135223388672;53.5556062758294;1
9.49361;49.79194;2
12.2502294550171;53.885354114515;1
7.84810066223145;47.7038125091506;1
11.7898531323242;51.1881664764308;2
8.29;48.9606;8
6.969444;46.027222;1
13.7380995608521;51.0496499572118;2846
8.54839324951172;48.9846107158526;2
9.27081886375424;47.693229538895;1695
13.4283639802094;51.870547359857;18
11.139213997345;50.5090603387365;2
8.30800353575137;47.0525909009054;342
11.7454213982392;51.6207767732762;7
8.2;48.85;40
9.38333;50.65;3
11.5;49;214
7.3672;47.4747;2
9.1;48.501;25
8.1242;48.2812;3
9.1603;49.2465;4
11.6185570146026;50.8039952111355;4
7.850124;47.994808;2
13.5496184602662;53.6684177708435;7
8.96428574603271;48.3528126725239;3
10.78333;48.23333;2
10.7294;50.4261;2
9.2523;48.7797;11
14.803;50.922;1
13.057222;50.861389;792
9.99287605285645;48.3985539788835;280
9.2309;45.9864;1
8.35733413696289;47.9347467694678;1
7.4353;48.1844;92
9.36582353955077;53.6181640551862;2
7.2374;47.9601;2
7.3811;47.5055;3
11.949812245369;52.4868156323336;3
13.0665715580749;50.65552345319;8
11.18333;48.73333;3
9.71;49.76111;1
9.5;51.6;17
11.6348964100647;52.0569767880555;3
9.4;52.36666;2
7.58992;50.23085;12
12.2367310476075;50.2809947092426;4
6.3703;49.5432;7
10.876;49.9291;23
11.0776276236343;51.4613828804128;4
7.7315;47.8815;2900
14.7127158089371;50.9633392526928;17
7.38333;53.3;3
7.3388;47.7473;1
8.3441;49.9634;4
8.35972;49.63555;22
7.79540061950684;47.6500533135657;2
8.61666;48.16666;11
7.208611;48.454722;1
9.43026224075311;49.6015682601996;3
7.9907;48.117;17
10.91666;48.56666;12
7.73659458728025;50.8521985218576;2
11.3;49.61666;2
9.51540438092047;53.9198840149574;10
7.33333;49.21666;5
7.56955111014292;48.0130735093645;2
7.8489;48.5655;13
9.14635445236206;53.4856967865586;5
7.1826;47.9275;17
8.4435;49.8572;9
11.2117;49.3762;22
7.85303573541262;47.9955075846867;8021
8.7;47.7;33
7.849588;48.004898;10
13.7512;53.1704;1
8.7031;48.8924;4
13.7281;51.21516;4
10.143956912117;49.6718469375391;29
8.0525;48.5408;10
10.0933;48.83777;9
7.917;48.0812;15
13.8;46.6;1
5.71667;45.16667;6
6.3848;49.5301;7
7.1819;50.0244;3
9.57521679035187;49.4598885823114;3
9.21519663627623;49.1003245452019;1
11.45;48.28333;9
7.8092;48.5341;1
14.115611;52.19883;50
8.18610191345215;47.9277882511644;19
10.0023710727692;50.7248109213046;517
13.9279941507873;52.9350860060862;3
7.28333;52.1;2
7.838056;48.001111;15
8.21219444274902;48.8573175895221;1
14.7;50.2;8
9.73416;49.10583;780
10.265587116394;49.608283088801;6
7.1054;49.9784;5
7.8006;49.9262;1
8.83333;47.75;10
12.3651764047546;50.5693786475608;6
11.9585754550171;50.8984313880087;1
7.08464713093565;51.1716679955561;37
10.3313773518371;49.1678245040771;6
11.3189130555725;51.1437810391313;5
7.3251;48.1584;9
9.1585;49.2849;37
5.39699;49.9951;6
13.6608664166413;52.4127729325615;2
8.3053;49.0366;44
14.541263974266;52.4262945094806;12
7.93315887451172;48.4941987220635;1
6.3562;49.5119;7
8.83333;54.66666;10
14.5;51.75;9
12.0472040198517;52.7896345826887;3
9.02021936233518;54.5251306083201;20
13.50812;52.50575;2
13.1;48.1;2
10.51666;49.55;3
13.7063225022583;50.7990945445007;20
14.131593216919;50.5340530539441;20
7.8125;48.2871;1
7.8055;48.1392;3
14.8958015441895;51.4821505986708;16
8.9980873;47.6476807;2
14.3052;52.7033;2
14.8064804814453;50.8968148230765;81
7.8542697429657;47.9908874214961;6
13.29389;52.57601;1
7.9473;47.8296;16
7.241364;53.711339;7
8.05078664550774;48.3115281339271;729
10.0932;49.6698;17
10.4078723650513;53.2502459786173;42
7.6248;47.63066;33
6.98432;51.0303;19
8.65;49.71361;1
11.31666;49.66666;4
6.382372;50.713145;2
10.1346871977615;49.75953566585;2
8.33724975585938;47.8168433235208;9
7.80029296875;47.6592598291861;1
7.88573325927734;54.1809168137611;11
12.3222;50.7552;1
7.28480665977971;48.1362464644574;7
9.2766;48.8688;14
10.31666;48.2;5
8.00491;47.87145;11
8.6025;49.4636;3
7.357222;47.440278;1
9.10096999999996;47.7097;2
9.47605133056641;48.1524588697959;4
7.87101745605469;48.0955088596583;2
9.3196;47.3657;1
8.08758;46.3161;2
9.48333;50.61666;3
11.38333;48.6;10
14.0119206256561;51.1819429948584;6
9.11543726921082;48.9203470990381;2
9.8039;48.8041;2
5.228056;46.204722;2
10.0783681869507;48.2416812839573;2
8.05445909500122;48.0992205540999;2
8.431;48.9344;2
9.21615958740233;49.2274217127816;114
7.3018;47.6208;2
9.56325531005859;50.4218626237537;1
7.778056;48.756389;1
7.1016;48.0236;2
13;49.5;4
11.166667;50.5;530
8.2312;48.2114;3
10.4;49.001;11
9.3665;49.5845;1
14.329605;51.760615;4
11.95;49.3;8
7.0811;47.8369;114
13.91666;53.41666;13
11.1;49.5;1
13.5231399536133;45.4300215481978;1
8.01666;52.08333;1
12.0207710266113;51.8760502191519;589
11.1;47.95;4
7.5393;47.1314;3
7.8979;49.9402;1
11.46666;51.9;5
8.8859;50.3905;1
9.061253;46.768015;2
7.85608291625976;47.6144955189844;3
11.6131;48.6838;1
14.992564;54.076173;10
7.2417;47.8097;8
12.102814;52.580523;1
7.7525;48.5863;4
10.2274666910935;49.6242852735546;51
9.19607162475586;49.0855596242542;4
7.16873964152524;49.6482158415252;4
9.8349;49.4773;3
12.1417199497986;52.9566059586053;1
7.6796;47.6372;49
14.2984;47.4583;35
9.77972;49.6375;11
10.08333;48.28333;4
12;50.1;10
7.7702;48.0689;39
7.9533;48.2474;18
10.51666;49.61666;3
14.9809633162995;50.8950702000501;2
14.9;51.4;1
11.1657467844086;52.6264666375368;1
7.6536;47.6702;10
7.84156143665314;47.9831106134228;1
9.74664549827571;47.5038487044081;14
11.14833;49.35361;7
7.8698;48.5675;7
13.387685;52.49292;29
10.0634;49.6643;2
10.9;54.1;4
7.5763;48.2322;2
7.3099;47.7453;48
6.4437;49.6556;1
11.9700438822784;51.4827361325238;3256
9.54376654624934;51.1315122015288;90
10.15;49.25;3
10.01666;49.56666;4
13.7440776824951;51.8308370899153;30
11.95;48.5;8
8.3990478515625;48.5276329218292;2
8.28333;47.78333;25
8.5687;49.4652;4
6.83167;51.09683;2
9.06589825263973;47.7159092879358;197
10.48333;49.76666;11
7.7736;48.41;10
7.80956268310547;48.4641004618713;2
11.155833;53.167569;2
6.90456390380859;45.2572470171182;1
6.5987;49.04;4
6.0549;48.9025;17
7.260556;48.284167;2
8.6694;50.1269;2834
8.34638;49.03416;22
11.36666;50.65;9
7.8289;47.9824;1
8.93333;50.16666;780
9.66635604495241;53.6836511588146;2
7.738;48.5815;2
11.8288507605744;52.512278027231;2
11.521337772522;51.74678508137;19
6.65;51.45;2
7.2689;47.6558;22
8.97442817687988;47.5903169877972;1
11.4000590085983;51.0673139858847;6
10.05;48.2;1
7.1822;50.0239;3
10.1350099336242;49.6967393149597;1478
7.700833;48.811389;1
8.54907989501953;47.9330216042904;4
10.58333;48.86666;5
14.3344115185547;51.76066812474;5
7.78760997056963;47.92000066175;4
11.5380963563919;51.0581269972694;8
12.06119091996;49.9784981359662;13
13.5;49.8;5
12.8868201322632;51.214892647619;1
8.597701;49.125793;8
9.53638;49.7275;1
7.65;47.5853;6
6.12212727116389;50.4543922705288;24
7.9053;47.9885;16
8.54717;47.1486;4
9.1399;49.0008;7
5.1;51.7;1
10.07193;49.13444;12
9.7850818108368;49.5969772500784;8
8.221;48.2925;2
8.418274;48.461084;9
6.4352;48.2024;2
9.05066518783565;52.2601592707195;71
10.43333;51.9;7
6.49214937567137;48.5916196594972;4
9.68861;49.51583;2
8.37129800859839;54.8939763418515;3
7.18045;49.34449;1
7.4492;48.0898;24
12.0659220264893;52.2733402162949;2
9.687124;54.004317;2
13.16666;50.65;29
12.3290948333436;50.3118695532683;5
14.610072855156;50.9802392537232;12
7.9493;47.9766;21
8.1042960171967;47.4900960959674;1
7.9770827293396;48.1460308063331;2
5.4;49.2;5
9.61441040039062;51.7204353055936;5
8.1554;48.8829;6
9.77111;49.00388;3
11.727842;48.395028;2
8.65833;49.05916;3
12.2;48.501;2
13.167765;48.700282;1
7.1194;47.6301;23
9.68333;48.8;24
7.2049;47.4495;4
10.95;51.45;15
11.4341614847947;51.7371305563018;1
12.1358800925598;50.4937734094195;28
10.5;51.21666;12
5.14134;48.11121;1
7.924;48.6794;1
7.5799;47.5938;2
8.7238;47.241287;4
9.285249;47.357047;26
13.36666;53.4;6
8;51.83333;1
12.01664;50.016454;1
7.7841;47.8548;5
9.16906325927732;48.6891840852807;1
11.6505954504013;50.6152474207386;2
10.4176540264129;49.5023353797025;4025
7.63;47.8074;126
9.1026;49.3516;5
7.84924;48.000439;7
13.26666;52.9;2
7.5902;47.5618;32
11.5611579895019;51.1226940625207;3
7.2318;47.9309;2
8.8582;53.0488;2
13.4242989312744;50.8344683710977;2
10.03333;49.7;17
11.7457450608215;50.7364639569177;12
12.0358405476379;52.5828215216563;3
13.3433558942261;50.9201102501439;441
7.801;47.9371;4
6.459961;48.173412;337
9.516667;51.966667;2
14.88;50.904444;1
7.97796249389648;47.9518802848572;1
10.7399940490723;47.2375200563935;3
10.4381949176521;50.4697559687297;4
11.5;52.666667;15
9.32526550464627;49.522413967445;12
13.218175;51.685759;6
7.2983;50.4721;1
10.45;49.5;9
7.87041664123535;48.5665548099016;1
10.6982511997223;50.8938827569391;45
7.282778;48.272222;1
8.9982;49.4467;12
9.1568;49.7948;2
7.31641254492183;52.522433319502;2
7.862785;47.991413;2
8.4971;47.40313;2
7.460556;50.414444;2
11.2;51.9;92
10.8;51.4;83
6.2980768;50.8266716;1
12.7660810410309;50.8573938259644;2
11;46;1
8.5596;47.3768;6
11.7289353862304;50.8390367511088;3
14.9458;51.0407;1
9.21666;48.48333;23
9.7922;49.1994;1
7.84831523895264;47.9895913681903;4
8.3081;49.9998;7
13.76666;54.15;2
11.8854779537201;51.9665479641394;26
12.9266163703613;51.1598616077271;4
5.69107846563725;50.8513507377953;15
9.1;49.35;2
8.4043;49.0138;13
10.09437;50.07432;119
6.8;47.51667;31
7.858387;48.010424;21
11.56666;53.03333;4
9.232831;47.612598;1
13.2665848981476;50.7249807170894;2
10.9718735251313;49.03050031683;14
10.3161464516678;51.3154726510324;2
8.9453;53.5472;2
9.09083;49.35194;2
13.1580841534424;53.0073951910819;1
7.1166;50.1035;3
7.9782;46.3106;1
9.1583;49.0762;5
7.4568;48.2601;76
11.736832;50.989638;85
8.7376;48.7145;4
8.0264;48.3405;8
8.2672;48.3592;4
10.33333;49.38333;2
13.4;49;31
13.727955;52.565735;6
10.86666;48.38333;8
7.82106399536133;48.0828383554967;3
7.9064;48.1021;8
10.5795499312134;50.8810306299753;1
9.69166;49.40055;16
10.7472570419311;51.4679569420138;89
10.55;51.3;2
7.8618;48.4928;6
11.3376537209319;51.1470117727396;5
7.3963;47.9681;8
7.883;48.5179;8
11.43333;51.28333;10
9.58753711639406;49.5947227046418;7
12.1920177459717;49.7679350621886;3
10.08333;53.46666;25
6.6711;48.0244;4
6.842222;48.589722;1
7.8006;47.6483;4
10.36666;49.45;14
6.74526214599609;47.0556218909355;2
7.5778;48.0267;80
14.122744994751;52.8467048330118;4
13.08333;53.6;4
7.3668;47.7489;2
7.7709;48.1419;3
9.50944;49.7575;130
11.6533327102661;47.9728418653535;6
6.78722;50.66057;2
7.1295;50.0428;6
6.925278;47.486111;1
8.72743606567383;46.8732771539607;1
10.9645703491822;50.2582630548607;208
9.33487495239251;50.9895165273633;7
13.0557485078735;52.4015019768169;132
7.0321;48.0031;1
11.1843170529175;47.9673963169125;167
7.35816955554196;48.0773530525662;246
11.9256052380372;52.8599139947773;2
7.6406;48.4017;16
8.07563781738281;47.6417982138458;2
9.8927499180603;48.3263967519789;14
6.1841;49.0783;4
11.736832;47.199511;20
6.83333;50.76667;3
11.76666;52.96666;2
8.56309533119202;46.5579434648209;2
11.0862074571228;47.4920602744476;1
7.6716;48.2299;8
13.086242675781;48.3378664627965;2
7.5644;48.1841;2
7.4484;50.2475;1
12.7;47.86666;1
5.46484;50.78054;2
7.6951;47.633;9
10.2;49.83333;6
7.8068;47.8674;20
7.8067;48.5633;36
7.42564401243328;48.3229387428737;1
7.6136;50.3595;1
8.22196999468997;48.5612535323957;1
10.11666;49.45;2
9.205;48.9376;3
12.61666;53.2;1
6.98237319308475;51.0315629324713;1
8.56620938888545;47.9841343006793;2
7.7119;48.5485;4
8.64005545103453;47.2680757450624;4
8.97271294593816;54.4347278316141;43
7.85973608493805;47.9905750792165;4
9.11666;50.85;2
11.06666;51.18333;4
8.0919;48.28;1
5.06044407542413;52.6405270219201;1
9.5993;49.6946;4
8.89326;50.47367;1
11.3553117248536;49.3857540122452;40
6.134148;46.207161;2
11.13412;48.45755;5
11.637611;52.129905;14
9.4536;50.0208;4
6.68333;51.6;8
7.8565;48.6244;3
7.35282937368027;48.2250899498904;2
5.80859;53.20139;1
7.3782;47.944;3
7.5947;48.3685;31
7.8742;48.5998;3
11.09111;49.245;2
11.4526071071625;51.0893010257502;3
8.307724;54.907409;3
7.6611;47.6117;60
9.08333;48.46666;9
8.119197;50.024709;2
8.4619;53.2357;1
9.46491152577192;48.5972917852857;31
9.704;49.2759;4
9.45021055686948;49.5660212411959;3
10.61666;47.88333;49
13.5813788782959;50.98355023722;53
7.7434;48.5801;2
9.78912955421447;48.0986905669487;2
10.3433915979003;51.6566146021881;5
7.95616149902344;47.9663645978452;41
10.96666;49.53333;1
9.65891965145113;49.6469732468396;8
9.4202;48.7083;48
11.2978220462799;48.5324561431027;3
9.51916;49.62166;5
9.40552;46.9082;5
8.798961;51.087099;4
6.42056510607904;50.2959190677634;1
11.736832;46.797944;31
7.916667;47.733889;3
12.586899;51.591576;1
9.36666;50.65;3
7.8574;48.0096;3
7.25234985351562;49.2534647749774;1
7.911;47.9804;8
10.7;45.2;2
9.64330520629881;49.2422404680331;2
8.52195739746094;50.9127748180176;2
6.61666;51.66666;15
7.8215;48.5201;11
11.346349;47.592234;2
9.86666;51.05;24
9.21996959259036;49.6433193727277;13
8.6422;47.5163;1
7.0917;47.9899;10
11.646;49.9231;3
9.5285;49.7443;2
8.58491;47.45152;1
7.84983873367309;47.9893735131802;1
9.38888217266083;50.6020181742674;26
10.8889510404206;50.902710549913;2
10.5605394285889;52.9649685717844;9
9.8991;49.4929;9
8.72365;48.54979;12
12.0644552241897;52.6678216326884;2
9.1832;49.7826;1
8.56861;49.65472;3
8.35;51.66666;6
10.7741;48.6757;28
9.64222;49.1875;2
12.6688;52.9393;1
7.1946;48.0455;58
7.7625;50.088;24
7.04872062499999;49.4082943358337;7
9.3546;49.1365;10
12.93333;52.48333;1
8.85944;49.19722;3
6.57111906745911;50.9917831444654;2
8.481321;47.442903;1
6.3741;49.5461;6
11.058039888855;50.4922313501379;4
11.5;47.1;122
9.48548113162997;53.7868258294397;7
12.539628;51.255337;1
10.43333;49.6;1
13.6;49.8;4
13.6433029174805;46.7054983152065;3
12.83333;54.1;3
8.59916;49.46638;22
8.392;49.5296;5
9.5;49.33333;1
8.51257;49.24991;1
8.1334;47.7667;48
8.82588418777459;54.3521822782592;6
13.126259;51.120334;4
6.61410841941836;51.8382623728643;10
8.7645893346405;50.1044180453589;66
10.1945138478851;51.3512185430376;10
7.8467;47.9943;6
11.12058;50.32975;2
10.56666;51.08333;7
14.1576467850418;50.5558200502384;5
10.9;50.801;119
10.9;50.8;2
10.3450379133225;49.7104059621834;2
10.074462890625;50.195363679298;39
7.1531;47.6492;13
10.2163166772461;50.322590444941;13
7.5997;48.1001;8
9.466667;47.4;5
9.5;51.301;269
7.8025;48.5756;82
11.75;52.8833;15
6.455197;50.726848;2
10.95;49.36666;6
8.683889;49.405833;18
9.9055;53.6639;1
9.62827693519591;48.4753402757346;1
13.9228853716888;51.1181520613395;2
14.03333;53.01666;2
10.37341;54.395;1
7.84543;47.994239;30
7.2511;50.8852;2
7.21553347221379;51.4823444975834;5
12.400818;50.6754669479897;1
8.77869514282224;54.3294262899999;11
8.4662;49.487;187
11.26666;51;1
8.8922;50.1273;2
10.5;51.18333;1
13.3500906931152;52.5145099433185;163
10.28333;49.33333;2
10.35;49.56666;13
7.0549;49.9732;9
10.9544631958008;51.5738487043828;9
8.67277;49.47777;3
8.15773360839842;50.3092879303938;3
8.85916;49.38833;1
11.737518;51.796301;5
7.7547;48.1468;1
11.809953116394;51.1525374263232;798
13.48333;51.15;61
9.4185;48.7099;3
7.3041;47.7687;1
14.50513;46.05108;1
11.8720861798096;52.8793676030468;1
8.1119441986084;47.8558479275963;8
11.9596;50.8997;2
8.8369;49.4086;3
9.4648;47.6499;7
7.7385;48.5792;2
10.61666;52.01666;3
7.45;51.51666;426
7.84110546112061;47.9846653506672;40
6.0753;48.8468;3
8.3;50.03333;2
9.0475;49.35944;2
7.9548;48.2467;40
8.2914;48.377;37
7.84612655639648;48.4990332612401;5
11.4951171875;54.5328304220889;40
7.39918460845945;50.4387968902726;1209
8.56666;50.1;4
13.9314360793458;50.5549881228229;24
10.43333;49.46666;2
7.2478;50.6727;1
9.19057846557621;50.2027256865798;60
10.8974;50.7784;4
9.85944;49.94222;393
14.7223127579193;50.880103695733;8
9.1512;49.2989;3
8.80947960978699;53.0753624227489;153
7.7584;48.3862;2
12.128561;51.74754;2
10.45;51.26666;12
7.5093;47.7125;2
7.9642;47.9838;7
7.2272;47.6691;17
8.95;54.6;35
9.5157;49.7608;1
9.2125;51.044444;3
9.45421582670588;47.3625106219069;3
11.5810769444274;52.9926820067791;2
7.83535480499268;48.5016778434642;1
7.77505874633789;48.1042216027292;1
7.6491;47.8059;1
11.550838;51.526672;18
8.2752;50.0048;1
10.43333;48.56666;3
8.31853866577148;48.5231990419637;1
5.18169;52.110545;1
7.55327224731445;47.7705990388564;3
7.91723728179932;47.8587562539583;7
12.1760451203156;53.150199463473;8
10.31666;50.43333;10
7.8477;47.9951;2
14.1;53.9;98
8.91666;49.21722;3
8.4737;49.2803;22
13.33333;50.86666;4
7.93657064437866;48.0083432718662;2
7.3715;48.1597;28
12.8217112380981;51.1364220607801;1
9.55;51.31666;1
8.4993;48.8451;3
8.5204;47.4769;2
12.3323135137558;51.5230275586515;2
7.2645;47.8592;13
11.5056037902832;48.0558242854251;5
9.0162;47.6743;2
7.1129;47.6395;16
7.498333;48.859444;1
7.20769;50.80019;3
9.13333;49.28333;1
10.6;51.23333;4
11.0615636441803;49.4910730730195;3
7.1778;47.8202;8
12.3747252910157;51.3402107084253;6720
10.228859113739;49.5455296961032;29
11.43388;49.5125;8
9.55;50.93333;24
9.0541;53.7621;10
8.7814;50.1195;6
6.020164;48.709768;40
9.20310974121094;49.5352358069667;1
10.85;51.28333;8
10.23333;48.28333;4
12.0832872698364;50.8766108417918;833
8.43338;47.89334;1
13.9506;50.8734;3
12.5;52.3;2
9.40741362571714;53.9646466462707;3
8.001;47.9445;7
7.3789;47.8018;2
8.22463989257812;49.0410188072243;2
11.3800147896576;51.7957667974287;2
9.3861;48.8172;2
7.5909;47.8952;1
8.484;49.751;2
10.0205;47.82672;3
11.5148682843781;51.7287715686474;32
7.71274566650391;48.240452278059;2
11.826855147438;52.147580617545;3
9.56344113890077;46.6837685910277;3
9.57404;46.6576;45
7.7;48.3;5
7.5718;48.0419;36
7.9211;48.6816;18
12.52;50.9245;1
7.6901;47.9386;35
9.98422470092771;51.2367446844769;35
10.081673;52.620976;3
11.46666;53.9;461
7.65;48.1687;8
8.4111499786377;49.2343572738028;9
10.4495601177216;51.2350833292161;24
12.6;47.93333;8
10.2;48.4;1
5.66935917063904;52.0437021005978;1
7.84432411193848;48.5673499815997;3
10.165056180954;49.6577282201687;22
8.7722;53.8243;1
7.1838;47.6652;5
9.4316;48.9443;5
12.1012230873108;53.9749132416487;1
12;51.36666;37
11.0401213532257;51.4368892983008;4
8.79301;51.99222;8
6.56353163823701;51.330672332823;2
11.7;53.86666;2
8.44644314402774;50.2218568345655;8
9.55;52.11666;4
9.61513982012934;47.7828774254864;56
6.94680380957038;49.2419869658718;5
6.75;51.43333;119
7.6185;47.5421;3
8.0175;48.4044;14
9.898;49.0567;4
6.9645;47.93;5
13.7851109867859;52.4715594427532;5
7.5925;47.584;11
14.0896220476075;52.8343503662771;4
7.90946960449219;47.5708510297621;19
8.7095;49.41339;109
12.38333;51.93333;3
6.0586;48.9575;10
13.240821;52.77926;1
13.1246499602356;51.4827723720669;4
10.85;49.13333;3
11.4198586981202;52.1972965780375;4
10.81666;48.4;6
7.7392;48.5833;2
7.2184;48.0539;145
11.1427085998612;50.5833736583264;2
7.8385;48.1216;55
11.65;51.55;5
7.1142;50.7379;27
9.3;50.53333;1
8.7715;47.8527;1
7.37;48.1599;11
7.9001;47.986;262
9.00473867395783;49.6786480839265;594
11.1243438720703;49.3025164306447;2
10.25;49.48333;1
12.5868992539063;52.1403501093614;100
7.80003547668457;47.6870302661823;1
9.6775;49.52333;2
8.00421059131622;47.8737128402753;2
12.7058205370788;47.5659498403027;59
7.818;48.386;8
9.738;49.1124;7
9.3993;47.6223;213
7.583333;46.891667;145
12.7244808465576;54.3690943243833;3
10.06666;49.75;2
9.18333;47.66666;197
10.6676;54.3212;10
6.9977;47.7746;20
8.088889;51.709722;47
12.1954460714417;50.7911789695047;3
12.028105056839;52.8326623826106;2
7.7438;47.6415;6
6.649475;49.752436;14
11.13333;54.46666;7
11.4918352847862;49.5290301122852;5
9.20669479370122;52.3234147443442;100
10.9;51.86666;1
11.3632696878052;51.1348380451639;9
11.8067967176437;51.5082676755325;1
7.8608;48.7655;3
11.4721298217773;49.0360673631932;8
7.5592;50.3508;1
8.2725;48.2905;3
7.047247;47.459725;1
11.88333;53.15;4
7.7466;48.5788;4
9;50.5;1
10.2787883273697;51.3789896000368;1
11.1230182647705;48.7384322410122;44
9.678955078125;51.3404783508738;2
9.7038283120728;53.5809351106369;6
7.3578;47.9143;14
9.2288;48.5877;1
10.18333;50.25;2
9.21984672546387;48.8215020845235;1
9.38333;54.53333;1
8.0429;48.1542;24
10.81666;51;2
7.0273;48.997;15
7.6708;48.3093;22
7.7512;48.5819;109
9.1;49.1;151
9.36066819839471;49.7153191755007;10
8.46916313359065;50.4964595216233;2
11.9622699094009;52.4397894450761;2
9.17819700790403;48.775410353454;6672
8.4371;47.4825;3
7.848597;48.002525;7
11.373;50.0995;1
10.8875696627044;49.8925370003599;1153
9.0012;51.1772;14
7.7848;50.0527;14
7.76261329650879;47.9606173405827;1
9;54.16666;66
8.91942892192083;52.2888348667873;21
13.6880480766297;53.85585305447;2
7.5703;47.6056;1
10.4465211039353;51.2906841868822;10
12.0822713809814;54.1743906296078;6
7.8272;47.7751;2
9.794655;47.821223;1
6.20032268786622;50.6461947097004;1
7.9612;48.0936;68
8.02501882803347;50.8748301861902;7
9.81666;48.91666;10
7.7438;48.5854;2
9.03333;48.08333;1
10.2;53.41666;11
7.73617744445801;48.1227312790168;1
9.39622344970701;50.6368140798806;4
9.95;51.98333;2
7.9478;47.9779;64
7.0086;47.8853;2
11.03333;49.36666;4
10.41666;51.13333;3
12.46473;50.84688;1
6.08549;48.2065;6
11.8569522857666;52.7567916249411;4
13.2368061428833;52.7537923893155;2
10.31368;52.966801;2
7.58771159524531;47.5582035916044;1278
8.74583;49.10388;1
11.46492;48.936709;114
8.8011;48.4441;1
8.632;48.3613;11
8.83444;49.87583;5
8.8397;48.583;13
11.42166;47.91289;1
6.5911;48.0156;40
11.5710067749023;48.1298926770173;6
11.68333;51.55;5
8.55388641357422;47.9375069140349;1
7.44744;46.94809;2
12.687258;51.088186;1
11.4566590872498;51.7562990932754;551
7.7983;47.6549;5
6.15;51.78333;26
9.98333;53.46666;18
12.56666;52.4;6
10.5796;51.4889;2
7.1702;47.6695;31
10.0616;49.1426;2
11.7600207328796;49.4407393435065;9
12.9949951171875;47.8613025024017;224
12.3875;50.9198;1
7.5819;47.5923;5
11.811026;51.149334;2
8.36388;49.22305;29
9.2107;48.701;1
7.90329;47.34999;3
11.4066518783569;51.642191695188;1
9.16666;51.5;12
7.2332;47.7483;10
7.4443;47.6497;3
7.3053;48.095;4
10.06666;50;5
11.2866;51.82214;1
8.87489318847656;51.8633479460844;2
13.4005737670898;52.5172393121654;15
7.71359;48.00457;2
6.66666;50.78333;5
11.872225;48.918605;2
7.851;47.9968;3
7.1582;47.552;3
7.90363311767578;47.5585730787454;6
11.3301014841613;50.9794388430974;175
9.99990344047546;49.7244668482036;7
11.18333;53.86666;6
9.965973;46.601337;8
9.2315;48.8435;2
9.68766481216426;49.0830032663464;2
8.36018551324469;49.6299143283968;165
9.64027;49.48138;4
8.8874;47.6611;2
12.9;50.2;8
10.3680038452148;49.4500483784189;9
7.3451;47.5051;2
7.3388;47.7925;1
11.0772867010193;49.4539683527812;1752
8.64972;49.69333;5
10.46666;49.53333;2
9.33333;49.41666;3
8.241111;46.97388;1
12;51.3;1
12.5994;50.4942;3
8.5;47.95;41
9.55879211425781;49.2548093059504;3
8.2145919001083;53.1385358371509;81
9.366667;47.633333;86
7.7418;48.292;2
11.1984657764435;49.5742857288676;8
8.5;49.5;3
10.9883799682617;49.5719571153975;21
9.19967651367188;47.123994248845;1
10.1209212303162;48.4993886101124;5
10.9057;49.8901;22
7.6585;46.7359;1
8.29205989837646;47.9493796055518;2
9.66666;50.05;2
8.6439;50.6017;4971
9.2;49.11666;4
6.63496971130371;49.76646425467;14
10.7944853782653;51.5019027312576;45
7.62918949127197;47.8066840647602;4
9.924774;47.297859;16
7.2905;47.6232;2
7.6529;47.6141;31
7.7036074928354;48.3201259325358;2
11.736832;46.327777;26
6.733932;47.059364;26
10.38333;53.81666;4
9.13277;49.31916;4
7.8435;48.3691;136
11.41666;51.11666;21
7.8567;48.0134;6
8.407438;47.88075;1
7.9511;48.2915;8
10.814493880951;54.1076322977974;12
8.1738;46.7399;1
13.33333;47.33333;6
9.48472641468049;49.5800300041182;3
10.0635782128143;49.6642346458171;68
9.6676;54.8895;2
10.4621646176911;49.6658197612785;4
9.3239;49.7432;9
7.6519;47.8898;6
12.2546;50.3208;3
14.3;50.3;287
12.8;48.05;5
8.95339999999999;49.9624;12
7.097;47.666;2
10.9;51.38333;62
9.14277;49.35388;4
8.2135;47.6227;33
11.5974853967896;51.3785847859495;38
13.11666;50.96666;1
8.6851;50.1072;25
7.9446;48.0485;3
7.6627;48.422;11
6.32619414813234;50.503273655602;4
7.8293;47.9828;7
9.975586;53.548875;12
7.9659;47.9694;21
7.83651351928711;48.4688240543727;1
9.5225;49.66972;10
9.9825;49.75944;14
8.662222;50.436667;3
13.11666;51.3;2
7.3285;48.0179;35
14.1259178901826;53.3999507026268;1
12.807312;51.128091;2
7.1274;50.0576;6
8.223;48.027;12
7.5978;47.9433;22
7.63687133789062;47.8597064638466;1
9.62166;49.29138;3
8.69846;49.29504;1
8.644;47.1932;1
9.1092;47.5675;3
11.545;49.756389;5
9.74450321197514;49.6084478582918;72
6.931;46.99179;4
14.9;49.6;3
10.8515108834839;49.4206764773155;2
12.5418379788819;50.8176764892628;17
13.9003157615662;51.0815259239332;1
10.25;49.65;1
8.04928813757328;50.6745966910218;1
10.4;48.23333;12
10.71666;50.95;118
13.13333;50.8;1
12.6987143999938;50.7227300166288;7
13.2122094154358;52.2138728274122;3
7.15311460495946;47.6492120638075;3
6.0493;49.0217;2
10.5725153332519;49.3027984232912;278
7.1817;50.4571;1
8.2494;47.31;1
12.96068;48.84085;2
11.4937719106674;51.0548491110594;5
11.53333;51.5;1
8.02791595458984;48.1075458128361;4
13.5624;51.622;1
13.30762;52.4333;1
10.21666;49.41666;1
7.8535;48.0072;10
7.16033935546875;47.066380283214;2
7.4355;48.1084;8
11.2651062011719;51.5878630882047;8
7.7118;47.9341;35
8.7456;50.3992;3
11.7463753809204;50.8844223354407;2
8.44719886779785;47.7464803408331;3
11.26666;51.08333;456
7.162710374218;47.7192118487941;1
8.1;52.48333;1
13.9245752697755;52.8133399834805;3
8.19808;50.1897;45
10.8184;54.1035;12
9.107666015625;47.9954359160952;2
9.80583;49.86194;4
7.656;47.8062;23
9.72901961914067;50.9953510988782;22789
6.4;51.76666;2
9.517;49.761;2
6.404703;50.457105;4
9.2426;48.9466;17
13.7382652645874;53.1166084854479;18
13.6;53.1;1
8.43338012695312;49.3170657534258;2
10.910909343872;51.827210189744;25
10.3;49.3;2
9.97111;49.51027;14
13.799167;52.955556;43
8.8903869628906;54.8356842624928;3
6.8537;47.885;9
8.13998937606812;48.0091328272854;2
7.2351;48.0741;13
9.88055;49.08611;3
6.59710738224794;50.7389670426258;1
9.9639;49.2106;3
7.2815;48.1253;18
13.304443359375;53.1335898292448;1
7.932;48.4959;46
5.55500193917851;46.6735536879409;5
11.5742196726303;49.9431972278452;60
11;50.9;299
8.93397673016352;48.4772654781193;19
9.36666;49.98333;15
6.58622857539365;49.623990060571;4
8.752245;48.936705;2
10.23333;49.6;3
8.0165;48.4278;2
7.89676666259766;48.1871479167197;2
7.7468;48.5866;8
9.2026;48.9596;8
8.86666;54.86666;3
9.21336630422979;48.1779559794819;1
6.23333;51.23333;1
8.88333;50.18333;2
7.2833;47.8878;2
8.9239;50.44378;13
11.9546266878052;50.9448551107265;8
8.93119812011719;46.4896471687366;1
8.5483;50.0983;2
6.69343976917264;51.199091006081;12
5.594788;45.36662;5
10.4592904008332;51.2087112751716;2895
9.0472;53.8655;43
7.3164;47.5512;6
7.847748;47.995081;4
7.2036;50.0871;7
8.6725;47.2277;1
7.5921;47.8731;4
11.4149236879273;53.6289580825262;24
9.1566;49.0238;4
7.266664;46.383335;2
10.989700635582;49.4772808552926;19
6.50390625;46.6494361633502;3
10;53.4;58
7.1636;47.6634;10
11.7839093571472;52.9389750964113;2
7.8067;47.912;6
9.66608003173826;45.8409466344652;2
7.8229;47.2404;1
8.0888;48.3546;19
7.7255;48.077;37
13.6169847525482;47.6406058899348;7
12.498665;50.713417;3
10.6;49.45;3
9.4;47.5;2
11.1;47.8;5
13.35;52.46667;1
7.0616;49.9124;3
7.7247;48.5716;2
7.85001307725906;47.9893077399958;2
10.6935860390091;50.6099164349679;3
12.0239;51.2933;1
13;47.8;230
10.2;49.35;2
7.2146;47.9058;113
8.4529;49.2357;2
7.7456;48.0939;17
8.24861;49.05805;38
14.5;52.9;4
9.29449610710139;47.7147344740325;2
9.1031;49.3416;5
9.1471;49.8385;14
9.12416;49.37305;4
9.86666;51.33333;64
12.98333;50.46666;7
14.2872058629989;53.0568404021215;4
12.107191328003;49.3299890934009;21
13.818889;46.761944;9
7.16666;49.83333;6
12.12916;49.12166;6
14.8673632327881;52.9251079791585;9
9.24466776847839;52.1950810448967;5
7.3987;48.1871;35
6.973;50.9363;16
11.16666;48.13333;2
8.83555;49.17444;4
12.0203936349487;49.4;2
9.84916;49.87833;5
10.3867149353027;49.1093321165146;2
13.87564;51.0073;16
14.236969;52.763872;1
11.4272654544449;51.5073337616818;4
13.8806773662567;52.5807245039814;36
8.61666;53.16666;1
9.68333;49.3;12
12.4475538253785;48.1882513334175;1
13.2868047671509;52.5887877749209;3
10.96666;51.03333;5
7.4105;48.0831;34
7.07585;49.9156;5
7.846;47.9927;12
9.10805;49.33916;2
9.36573359126282;47.6654386919814;15
7.3008;48.1345;8
11.736832;47.494009;7
8.915;50.1066;2
6.24203728039549;50.5551307587775;3
8.7;53.85;3
7.796612;46.699484;8
10.23333;49.8;6
8.96666;50.81666;3
7.0554;49.9398;23
7.0901;48.9402;4
7.435;48.330278;125
5.861251;50.59237;1
6.986;47.8966;8
11.5032972346878;51.054377036326;5
7.55502575226585;48.0145051139378;1
12.005278;50.038889;2
7.02016242667125;47.7580018752323;1
9.83888;49.61333;2
8.27355286906436;49.9988500786463;341
6.182538;50.707237;21
11.0153;54.2062;7
12.36666;52.78333;6
10.1783893709946;49.6968390453535;6
9.1925;49.38555;8
5.0441;47.3209;57
7.16666;49.53333;1
11.03333;49.46666;16
8.0859375;47.8467867636276;9
7.2776;50.4558;1
7.57387161254883;48.0286238346967;2
7.9262;48.0729;9
6.2187;49.2263;1
11.6861812591553;51.7454687921754;15
10.0619227;53.484205;1
8.6938;49.4146;5
7.7;45.101;8
12.71666;48.11666;8
8.73602;45.2432;1
9.2703;48.765;9
7.9655;48.2191;39
13.43756;52.57173;6
7.8454;47.6994;43
9.3515625;52.7480223495544;35
9.7625;49.9613;4
10.56482;50.857741;22
7.2496;47.9022;74
9.2248;49.1928;11
8.65139;47.401428;156
9.60463485717776;53.6336521290553;2
7.859451;47.994214;3
10.1;49.31666;2
10.345001;54.378758;5
6.18496;48.68439;4
11.1211124669647;51.9673805114032;4
5.23284;50.51894;1
7.7;47.916;34
12.15666;49.6775;74
7.1241;47.9531;7
9.49630696231839;51.8571334668774;5
9.3063;48.7422;12
10.2;54.5;4
8.3226;47.5698;2
11.90686;48.30603;3
10.66666;49.2;4
9.15771417617793;49.7981427098215;1
9.83333;50.98333;2
8.125076;47.058312;10
11.6229909814758;51.0874862695614;2
9.17315483093262;47.1176866311863;1
10.6658875238037;49.9715733638455;21
7.3528;47.8659;78
13.75830078125;52.333752795511;83
13.8;52.8;5
7.6742;48.4474;2
11.4922108650208;51.557531531178;5
7.8958;49.9203;1
13.766667;45.65;26
8.39132308959961;47.9572836383736;5
7.853815;48.003714;11
8.9871;49.4619;3
11.8361;50.9633;3
9.61233627906802;50.6748115148289;3
6.3868;49.6013;16
8.42899;47.0322;3
7.8137;47.9832;3
9.7203;49.5798;5
10.95;49.45;7
7.8993;49.8799;1
7.8503;48.3399;36
7.1569;50.0422;3
7.87479400634766;47.5267064857252;1
6.9387;51.0369;5
7.67257690429688;47.8016253097469;10
7.68172926298306;48.5565602708086;2
7.1851;48.2465;2
9.34022849853523;52.8388793395868;5
7.80424118041992;48.1393441934533;1
7.7498;48.1521;37
11.63333;52.03333;3
7.3681;48.2332;1
8.0038;47.8749;10037
7.3012;47.5637;4
12.665691111084;49.217821;1
14.21666;52.26666;5
9.18783187866211;48.40983300755;3
10.2180227041245;49.7113270891838;45
11.15;47.83333;5
7.7129;48.2396;19
11.7396;50.1098;4
7.7744;48.0511;9
14.720833;51.545833;3
6.695;49.7805;2
9.3256838571167;49.7510034963495;6
12.55;48.03333;2
14.867;52.9249;1
13.25;53.68333;1
14.214813;50.087531;2
7.85610014310839;49.8467724306342;17
6.352294;50.627618;1
9.033333;46.999722;32
5.1;52.1;7
10.85;48.55;4
11.4186573028564;47.0835365951382;3
11.2;48.5;2
11.4101100455856;51.0988091646445;10
7.1579;47.9234;17
7.23429879598202;47.4574328041716;1
13.2;49.7;7
7.803;48.5755;12
8.4118;49.9229;8
13.4075960159302;50.9997231722867;1
8.72366331871035;52.8449200220225;4
7.225278;48.262222;2
9.32121728836057;49.1787656374035;5
7.2265;47.8834;9
8.6488151550293;47.9224393321068;3
6.3541;49.5319;1
7.39516801127461;48.2548132536323;1
6.449983;48.174775;89
6.9583;47.7982;3
7.6651;47.6018;8
8.8254;49.7992;3
7.808;48.0096;12
6.32320759790036;50.6882573486969;2
7.10392675399783;49.9785489260385;178
10.9150465370178;50.685836529602;2
12.5152437936401;52.7032246497748;1
9.937778;50.458056;1
11.81666;50.58333;17
9.2574;48.9407;6
7.7088;47.7328;10
8.670616;52.115782;2
10.6052544474602;48.9541181078478;5
8.22843790054321;48.2158659591476;2
8.8994;49.448;7
11.7553215026855;52.7362663572642;3
12.24685889151;51.8334632981191;113
7.35942;46.22908;3
8.2245;48.2997;185
9.77317548213955;49.490719416349;4
10.1309160118866;49.7085207150463;8
7.294;47.9301;2
12.5;51.2;12
7.738;48.1218;4
7.1895;47.6912;6
8.01622;48.3648;10
10;53.5;13
11.2652491580582;48.56132662453;22
7.6717;48.23;6
13.9372031098176;52.8393964217165;1
14.5483263015747;52.5682251066969;4
8.3851432800293;48.4759370688743;1
11.5454077720642;48.0956235106014;1
10.7004010820008;47.5674921463236;56
11.3078642368316;51.9411980479474;1
7.77896404266357;48.0579756067376;5
8.40213775634766;47.2041758922193;2
13.302104;51.300142;4
11.3696;50.5132;1
10.16666;51.26666;8
14.4298350106811;52.9626535234368;2
6.48381141398625;50.8027069072907;14
9.14;49.9765;12
11.8592482566834;52.605186775808;13
13.01666;51.53333;4
10.5;51.75;88
14.6649;50.9807;1
8.05778503417969;47.5659865254759;1
9.01666;48.68333;16
10.504112243652;52.258481465119;2
11.1585;50.2768;4
7.582927;47.49598;3
12.2;50.65;96
6.9252;49.8774;1
8.23198914527893;48.2097675821252;2
7.5201;48.6474;6
7.4323;48.1846;78
10.36666;50.66666;1
9.1;50.1;2
9.2112;48.915;8
13.3814767089234;54.0958205110875;673
8.2166;48.3166;15
8.45;53;69
8.95;50.6;4
7.6455;47.9667;6
8.04366624334716;47.3928006340518;226
7.7088;48.6714;1
14.990007653717;46.2505946330114;1
11.9820210820008;52.8597423352583;35
6.2006;49.1961;1
11.9731023730163;50.9188759705567;1
11.5536351930236;52.6611421267325;3
10.1319;48.9618;2
7.0216;49.9526;4
7.4548;47.6545;3
7.2642;47.6726;59
6.85829150787356;51.8437432598619;7
9.2043;48.791;3
9.5607;49.7722;8
14.4458050251008;52.3111242758197;1
13.7765264735413;50.9426223978322;3
12.83333;52.36666;3
9.06719644180293;54.3877158895591;16
7.2805;48.036;18
10.141754;47.916342;5
6.2108;48.6862;9
11.7;51.11666;130
6.2798883386231;50.6317153113311;2
13.6301066850281;51.1048829649395;6
8.11234355819704;49.1983576252714;26
7.6881;47.6367;21
6.95;48.28333;2
9.73345;50.59102;7
13.4314406811676;48.4569714669539;82
8.61816;50.22683;13
12.39762;54.346404;2
10.26666;49.45;22
7.818258;48.006922;9
10.180820608139;47.9863325818744;249
6.65483741271976;50.5909448386527;1
6.9541;47.8822;6
8.54135537036132;47.3697569692901;286
8.98333;54.33333;3
14.8717;51.1813;1
11.9995225667953;52.8169355759103;7
12;53;25
8.8;50.33333;9
10.3059866905212;49.7472547876507;11
7.7889;48.8147;26
10.8308087235259;48.2689750824622;13
8.94111;49.17083;5
9.82342958450317;46.7973937921739;70
6.02;48.9838;4
10.0376844406128;48.3228730745927;4
7.213;47.6151;12
11.01666;49.41666;2
8.07429510646818;48.6316534393313;33
14.2483552447356;52.1716416139506;10
11.0055092573166;50.3391953200069;1
7.8566;48.0135;105
8.79695892333984;49.3977922661038;3
10.2398531323242;49.3112324412026;1
9.1304091453552;53.8976262502043;12
8.856697;48.275425;1
7.6409;48.0116;2
9.499741;51.316451;3
7.539;48.8175;1
13.7914042645874;52.5230103896274;1
9.1737;47.7126;4
14.3220430634766;52.7666834626945;1
7.1755;47.536;12
7.8276;48.2079;5
9.40012874603269;53.8438098256501;6
12.80311;52.92815;3
12.01666;53.71666;3
7.2835;47.7607;58
14.4527;51.0034;1
9.15341290010838;45.1845944827475;1
9.1395;50.126;1
8.969054;47.8266941;2
6.89448;50.326;16
7.3016;48.0121;4
8.597556;47.259596;2
8.5287;50.066;6
8.4482;50.016;19
7.8091;47.6811;7
14.2781064179687;52.7247008491695;1
12.2794247036743;52.4643853250473;1
10.78617;52.88694;2
9.67517;50.55161;22
9.28333;48.68333;1
6.99208495071173;47.8837243476123;2
7.5696;48.0131;1
9.49558490276331;49.5542293156349;5
7.5345;48.2674;2
9.39360999999997;49.5137852136765;37
8.2111;48.2488;4
6.972;47.9091;8
10.9842;50.2705;1
11.56;47.76;1
8.2428544521332;50.0822751863074;718
7.3476;47.7808;71
6.7098;49.7851;1
7.611;47.6147;3
9.18307250793464;54.1722371320209;1
6.6842;48.025;1
9.671667;48.446389;1
12.9707535105896;50.4192287674768;2
11.2242989312745;52.254886604694;1
11.33308;50.23963;43
9.15514984130857;53.9555052909176;13
7.943115234375;48.1807385073038;13
12.0609200727081;50.7743883600252;18
8.6916;47.2538;2
9.75888;49.97916;3
14.7045;52.2068;2
7.088611;48.940833;2
12.70416;49.37861;7
9.6;51.1;39
11.31666;50.35;6
8.4508;49.6844;3
6.129;49.7213;6
9.59916;49.69416;3
7.83333;50.43333;9
9.46777;49.69138;2
13.4005737670898;52.5172523696439;3315
6.2;52;2
9.0275;47.775;3
8.0626;48.3477;19
9.6;50;13
13.542881;47.868574;2
11.06666;48.86666;2
7.19442952645875;51.1795999320226;2
10.3133298782959;53.9362169025683;4
11.9433184947204;50.9528176359483;1
12.0139;50.5906;1
14.4034581666565;50.0878630480872;1
9.3239;47.7251;7
11.7167216908074;51.1346899357664;2
7.1973;47.9217;9
9.0098;50.0682;1
7.78043943620685;47.9579634553755;206
7.4066;48.0204;23
8.61222637947083;53.1604930944501;111
8.370595;54.888407;3
7.21904754638672;48.2601128292415;2
10.0635;49.1786;6
10.4959091186523;49.8484463278333;52
7.7485;48.5789;2
6.66666;50.25;4
11.7727949417724;50.7995605991519;1
11.6351889365235;51.673593118901;2
9.80083;49.34027;4
8.3396;48.7591;13
10.2125925635071;53.488099963321;19
8.8;52.68333;7
9.83594783599847;54.4720313999771;11
11.2405800819397;52.3323203592256;4
13;51.5;128
9.94375581741338;48.4655644604473;1
13.2155;51.4339;4
7.0197;49.9519;12
11.2;49.501;8
12.2058579444886;53.2068761521823;1
6.37;49.5444;1
9.29527191932675;49.622755178096;12
12.71666;50.93333;8
7.838509;47.981223;4
7.5991838;47.7913541;1
7.5584;48.0059;1
9.85;50.95;74
14.0416000525513;50.6595007784859;12
11.6;52.1;4
7.6153564453125;51.4760566882656;15
10.27032;50.11573;2
12.6353397631683;50.5841630921438;4
10.38333;49.53333;9
12.0751546269225;52.824356016008;4
11.117937;50.405685;1
8.354431374569;49.8538064159825;29
8.03257692988586;48.0158440722991;2
8.4375;52.855864177854;2
6.8506;51.0466;7
14.464444;51.254722;198
6.14846026730345;46.2012504435292;166
11.8986078625488;52.1395464097266;1
7.71196782588959;47.9583020928492;1
12.0984899245758;49.0195846345526;1582
7.9775;48.1466;1
14.5;49.3;23
11.4;50.08333;2
7.821;47.9906;7
9.4507;48.648;5
7.372;47.2806;4
10.0643640290832;49.5523491796097;784
6.4;50.8;4
13.9228988181686;52.5023691658072;5
6.8454;48.4061;12
12.4613;52.8914;1
6.45;51.66666;17
10.5122845172882;51.2720300838811;7
14.3643854867554;52.3099632600567;1
8.47393230024716;48.9987802741904;24
10.4874687194824;53.3736694051087;1
11.06666;49.48333;2
7.8084;48.128;9
8.74460220336914;48.9157310971588;1
12.1825146084595;53.1190231637137;12
6.64375653038019;49.7562344831765;469
7.738495;47.481945;3
11.8192380666733;51.0411356785349;5
9.28452090080259;50.9983930258495;8
11.1424721057739;51.6416215703206;19
9.6508;48.7043;15
7.6128;48.5589;1
7.25416641235347;52.6135520896463;2
11.5;52.75;120
11.78333;53.2;3
8.179836;47.391028;41
7.855224609375;47.9917634058498;7
6.63282;46.516;11
9.26666;48.83333;2
9.27941107738491;47.3859469521698;8
9.62033;50.52859;1
14.66666;51.1;32
11.3418717605743;50.8604473599632;1
7.4788;48.1249;16
7.8415;47.6813;4
8.70489904627993;47.2076254375761;3
9.48017;51.42763;15
11.8;51.16666;145
13.41053;52.52437;29
9.08333;50.06666;8
7.1037;48.0626;2
8.2324;48.13;18
14.7247691376954;51.9521475872444;9
7.7543;48.1538;1
9.50247988689421;49.2004472192786;3
11.546630859375;47.8279081691933;3
7.5;49.5;8
8.0894;48.2806;5
14.1;53.3;6
9.7056;47.5839;9
13.9;52.4;7
8.5674;49.47403;1
9.2;49.2;8
11.088467;50.570918;2
9.49787418252561;51.315740188008;3639
11.3291350251006;51.5999400222261;1
8.3091;49.9287;9
5.30417;51.69917;3
7.85585224628448;47.9902555546984;7
9.713492;49.61514;15
10.7184946309662;49.5502784271886;4
11.7361661666565;51.7987095664893;367
11.6222047805786;48.170636338067;1
8.17344188690186;48.0257824530127;3
14.5472717285156;53.429992101325;6
13.707063;51.029247;1
11.05;50.9;5
11.0572847850418;49.7197077004456;43
7.3555;48.5197;44
11.1;49.502;4
9.8783;49.2253;6
9.2229;48.9093;4
8.01177978515625;47.642260848473;1
9.58333;48.86666;1
6.088078;50.83479;2
14.7617630369873;50.8670166796777;10
5.3227;48.6877;5
10.1967384338379;49.3286104950392;2
14.4433526482239;45.3269723925386;6
8.0049;48.1247;7
7.1017;47.811;141
7.80548572540283;48.0062903712063;15
9.25;49.33333;5
9.36667072883608;50.6106077354441;6
7.2176;50.4574;1
7.85520851612091;47.9914295283212;1
11.0207465079345;49.3291217830752;13
10.8226;53.9926;4
6.35542;46.90347;1
8.68082786508182;50.1111542202529;608
10.0681545132446;50.5438990538438;3
9.1341;49.2828;1
12.28333;47.8;1
7.3247;48.1447;14
13.641;54.5147;1
7.1707;50.144;1
7.7629;47.8582;132
9.37455381210327;53.9225866796017;7
14.8957;51.2295;6
8.01934361457825;47.8353914509041;2
7.2127;50.5972;17
13.7533562432861;52.4502877030481;1
7.1871;47.5609;2
8.9325;48.4753;5
7.0935;47.631;7
11.9;45.4;13
8.66992950439453;47.0925655522357;2
8.441941;48.582403;3
11.26666;51.33333;2
7.618;50.2835;12
7.8284;48.0081;7
7.84477450527947;51.0298838500735;1
9.38507;50.27376;14
7.546;48.3369;2
13.0333729153442;50.9138731501758;6
11.5;47.3;71
13.4;49.8;17
10.58333;50.08333;12
7.3505;48.0586;4
7.8363;48.4698;1
6.52426466466522;49.9746099021018;1
10.24801;50.09426;41
8.61666;53.05;31
13.2420875507203;52.5257782611193;7
13.5868438243866;52.6798985456601;47
10.0075361669617;50.4010490142192;1
7.85;46.68;6
9.5472534179687;49.7123889996141;10
9.06666;47.68333;25
10.1588708650207;49.7708800504578;1
9.03916;49.92944;2
11.3399722037659;50.720536277983;33
7.4367;48.0955;23
9.11041;50.22919;2
8.8879;48.4602;1
10.1337;49.7079;20
9.8717;49.4722;3
7.1704;47.6693;137
10.6;49.58333;6
6.1386438;50.8288199;9
11.9;49.03333;11
9.0091;47.85105;6
7.7;45.1;1
7.5449;48.1653;24
10.41666;49.53333;2
7.2846;48.0788;3
9.6811;50.8033;3
9.93593;51.62878;8
11.7387;50.0952;4
11.4117461930847;51.087879101958;7
6.12600637895969;50.7971775177446;1
10.4341332262115;52.3525017860544;1
8.65540251583866;49.8725536663285;72
7.45787;50.9873;4
7.2758;47.7031;4
8.809662;53.074228;5
8.96896362304688;50.0447935996652;2
8.05;50.38333;480
8.4505;50.0145;35
7.9244;48.51;15
10.7;51.4167;1
9.95191357672115;53.5760712761019;3
6.185;49.1256;4
14.5530577182769;52.5497716639148;2
12.838898;54.436505;2
11.28333;51.15;12
11.0815786534118;50.7748041228572;2
9.7;50.5;1
12.0729443227539;50.8625279456526;1
9.58333;50.68333;6
9.2266;49.7175;12
11.8255;52.0733;1
12.2;52.11666;2
7.6146;48.1395;11
9.6149;47.7829;1
8.2217;48.3013;212
7.36666;49.25;16
8.4707;49.4954;8
7.57541656494141;47.7570985615735;5
13.8574802354431;50.9547886429571;3
11.96666;52.91666;2
8.0187;48.1411;11
8.26701405158997;50.2982523929237;15
9.0729900132751;50.086345273395;4
7.8188;48.4482;2
7.25770812233736;51.1927344140279;4
10.1436;49.6681;9
12.4672;50.3577;3
7.85576641559601;47.99133618583;3
13.5419479298859;50.3247928832183;16
8.24951171875;45.111035915714;2
7.5601;47.6895;12
12.2428;49.9511;1
9.53333;51.26666;2
7.79603898525238;47.7197232090879;2
9.91666;48.96666;3
6.302719;50.606774;1
12.6;51.8;6
9.3354;48.6269;9
10.16666;49.75;8
8.60898971557617;46.9998071568404;1
10.1371;51.377;1
7.7432;48.579;2
7.84609999999998;47.9852;10
8.19305419921875;48.8105941725031;1
10.9788;54.3682;4
10.43333;49.65;6
7.9357;48.6674;4
9.70417;49.5653;21
7.7195;47.8717;1
7.7042;48.4886;4
10.7844542539062;51.8333381353505;8
11.7950003623962;54.0711615024813;1
12.5278368359375;51.5058436256201;1
6.803611;47.251111;2
8;50;70
10.349121;47.672554;20
8.4567;49.5032;4
6.1353;49.1141;1
8.48255;49.92139;10
10.7;49.6;6
6.1543;49.3037;6
10.1397372063599;54.322811959134;40
9.8173;49.4875;3
7.3383;47.5279;9
7.8687858581543;48.587906508584;1
8.23333;53.33333;4
6.91143;46.43301;3
6.9979;47.5064;11
6.57355817987059;49.575527270856;1
8.9407382612992;54.3730131900509;11
14.9926;54.0762;1
9.479828;47.65105;37
11.2;52.6;3
11.3924789311524;52.5263001633874;9
9.967;49.2105;6
8.35;48.28333;24
7.1215;47.9398;13
13.857975;50.922091;2
14.034796;51.651437;3
9.9;51.501;3
8.96989309590913;47.737186172401;18
9.16;49.0727;7
7.8234;48.5789;2
9.1426;49.914;1
7.8722;48.3406;90
7.6706;47.956;15
8.04920606613155;50.4478821563506;7
10.96666;50.51666;7
7.8513;47.7069;30
8.3633;49.5077;5
9.36176228633883;51.5395812168033;2
7.60062;48.14979;8
8.80722;49.77333;3
13.064117;52.395715;22
12.0278475647735;51.4067733223492;3
9.63388;49.38638;4
7.84526824951172;47.9900509143611;5
7.527;47.0855;1
9.2;48.8;4
12.4216451799316;50.5356243170251;4
8.5514;48.7528;2
14.133224;50.53809;7
8.415;49.1633;4
10.78333;50.9;59
9.31596262565608;54.514221224104;6
9.655;49.30055;10
9.2232;47.7422;1
9.702301;45.051696;1
7.1291;50.0411;34
11.3944101031188;47.2695699560758;304
11.6390057486877;52.1316305367283;280
8.02529811859131;47.8654721367344;2
14.227295;51.658075;2
12.5;53.15;5
7.9142;48.5691;4
11.83333;49.81666;5
8.2364;48.4502;1
14.63333;52.08333;1
10.4514312744141;51.7342579209602;8
7.9174;48.4958;18
8.20163726806641;47.8700712586325;4
11.8;49.3;2
9.77222;49.96027;33
7.906;48.7328;1
6.76375248542786;50.5540423977525;1
11.06323;49.61793;2
11.3;51.501;11
9;48.5;115
9.26930057937625;47.7112683928258;2
11.1;49.507;4
13.261224;53.558054;2
13.03333;48.76666;2
9.88031387329102;48.3155103079542;2
14.6;50.7;5
9.9788;48.7826;3
7.3598;48.0754;2
8.78082275390625;48.913474837823;2
8.69921784130861;53.8611442040758;23
14.5349178677368;52.4716272722814;4
6.9495;48.2825;3
9.03775;48.00729;1
11.15;51.78333;46
7.54493979592052;48.1653210016899;1
7.01163759783935;51.4571759617665;52
6.73333;51.45;14
9.35;52.1;9
7.394;48.0809;96
8.55182647705078;49.0878081014946;1
7.62166;46.75118;3
8.75;48.63333;14
7.8803;47.992;9
11.88333;48.21666;2
13.1001394748688;50.814490822926;3
10.2;49.56666;3
8.4846;49.9055;2
6.0595;49.0558;10
9.59446743782041;49.6187477770382;7
10.998761;50.956558;6
9.43687051589973;53.7503933301439;10
9.2;50.516667;27
7.65850067138672;48.2175816670122;3
6.12483527508539;45.8992668406486;14
9.2395;50.5199;2
10.52799;51.2632;19
10.9745;50.2429;1
10.1745269190407;49.8626263830913;2
7.7017;48.3811;6
9.3187;48.8324;2
9.2133;48.4911;7
5.140228;48.221928;45
7.1168;50.7302;25
9.5397;47.3777;1
7.4203;48.114;35
7.3587;47.821;2
11.8;49;3
7.3008;47.7181;21
8.4042;49.5212;5
11.5465893809204;51.5283273570314;59
9.48806762695312;49.8685296453215;2
12.0613706838226;52.7257998084027;1
10.98333;49.63333;1
9.4;49.4;1830
7.8566;48.0136;3
8.5662;49.4678;5
9.64431386749266;50.5879165551489;10
7.2401;47.6593;15
10.8;48.7;7
10.221835064888;45.5386317126523;4
12.96666;53;1
7.2037;48.0388;9
6.6;51.55;2
9.63333;49.55;26
11.8997639656067;52.4983148919017;2
11.1;49.505;1
11.0245752697754;50.977115627304;1811
9.58842536211012;49.6592113455944;8
10.6479186058044;51.1080099708007;62
8.85;49.56666;5
12.3543988227844;52.4509742595464;2
11.03333;51.81666;5
9.9;50.11666;760
12.5066089630127;52.604587330598;2
11.0191490899658;49.5000557425414;2
8.570709;54.6909;1
9.2194;49.1417;111
11.99501;50.581275;2
7.5206;47.7301;2
10.0903;48.1786;57
11.3986372037048;50.6941876087594;2
8.6833;50.1166;203
11.1;49.503;2
9.73322;52.37051;10
9.903889;49.579167;3
10.3225994110107;49.451192253845;1
8.3924324035645;47.1204454322746;2
9.0151;48.8011;1
9.70325279762267;49.2477944545524;2
6.750348;49.315678;15
11.65;51.43333;1
6.1285;48.8171;23
7.36666;50.25;35
14.1796588253173;51.1276606083804;7
7.840599;48.000273;6
7.80904769897461;48.127486558677;1
7.1506;47.5646;4
10.36666;51.23333;13
11.2639120449523;52.1813959424492;3
7.3044;47.5606;4
7.95;50.76666;6
8.5268;49.0034;44
7.853443;48.003428;67
11.4941883087158;48.1578555306534;2
10.73333;51.06666;19
9.8661;49.8372;1
8.22794437408447;48.2144647550746;6
9.96666;51.13333;143
7.06833;52.43081;3
13.93333;52.8;24
9.6511;48.7046;7
7.9826;48.0035;7
7.8522;47.7062;6
7.79926300048828;48.0722294244852;1
9.56360953142166;49.2886204125523;2
14.0450335925904;52.8653217999839;25
8.4846;49.8997;2
11.96666;49.15;14
12.7355401402283;51.369861713629;4
7.4981689453125;48.3781454697624;14
11.516418;49.91144;1
12.4854;50.9753;1
13.3213866586609;52.4853686755262;4
6.27184;50.81854;3
6.7;49.8;2
7.64808612773173;48.222875044179;2
8.7676;50.2856;2
7.8041;48.6263;4
9.5;51.3;5
12.999;48.5;7
11.217041015625;47.598755284818;28
7.9826;48.7365;2
9.15471840614316;49.0761337730636;10
7.85050392150879;47.9899001262249;2
10.0562625714111;48.4833897398715;10
8.65027;49.87167;2
10.98333;49.58333;2
7.68682;45.07049;5
11.4;46.5;18
7.3029;50.173;4
7.1248;47.8076;16
13.908333;48.195833;17
9.98000597363284;50.3701760650664;2
10.01666;49.7;12
8.29605102539062;46.9305720930163;1
11.53333;51.03333;3
8.88333;54.5;64
11.2949789047241;51.3635635692394;10
8.0724;49.9777;2
6.8839;50.4059;1
12.7034;47.5741;1
8.647;49.7648;8
12.2270630158691;51.5270873316601;2
12.2313;48.06052;63
7.3532;48.1329;1
10.7552;49.9297;15
7.6805;48.052;14
7.2649;50.5536;1
7.844875;47.994248;4
8.462;47.6984;6
8.83472;52.22616;225
13.5308648518067;51.2916068027403;16
13.734627;52.631604;24
10.13173;48.96163;8
9.9999;49.7244;14
7.86033153533936;47.9906684230843;9
7.3146;47.4946;1
11.58333;51.86666;31
9.939084;51.936372;3
9.27173647088625;47.3533456162094;1
9.71666;49.25;2
7.1397;47.5726;4
8.72091;47.34713;4
7.5414;47.819;4
11.731;50.5009;1
7.684;47.842;3
8.73833;49.735;3
10.5171;47.5044;3
7.86106109619141;47.6450510266981;4
7.6481;48.2229;2
11.4978759765625;52.0752537888561;40
11;49.6;1
8.92611;49.72916;2
7.1751;48.0468;16
9.41666;50.6;3
12.052758;52.872829;1
11.33333;51.35;6
9.8393;46.4982;1
6.02647345501714;47.2360049288083;41
7.31904195976023;48.1951054152179;7
9.21666;50.93333;5
12.9406284153138;51.2829107621126;15
9.4493;48.6471;2
7.7722;48.1707;21
8.288911;49.032009;12
9.39142765998838;47.7207490253172;13
10.06666;49.21666;4
8.61808776855469;47.9117398345623;1
12.319107;52.374761;39
13.8242686271667;50.6411275500986;5
9.20777;49.00083;5
8.064667;51.396667;1
9.79110063823703;50.3104967631101;31
10.88281;48.04819;75
10.95;48.61666;1
10.5368;51.8023;1
9.01753309123228;51.7363246629447;2
11.08333;51.26666;3
11.7152737328186;52.0330886972699;1
8.28333;51.95;2
8.24109999999996;48.7629;65
9.0522191428222;54.4770699821865;19
9.39682151134491;51.070786024222;112
8.90305771827695;54.3338304488418;2
7.0783;49.9126;3
12.8059387089844;51.1293433616092;1
7.1662;50.146;17
8.3305;48.4227;1
7.5892;48.5617;1
8.4452;49.4813;21
8.96666;54.83333;3
8.773311;53.82403;1
12.16666;48.28333;1
9.2901964550781;52.8705458446793;2
9.38527;47.72694;1430
10.3226788770294;49.4508579099186;291
8.46819457533263;49.4898414999776;863
8.4658;49.8364;4
11.75;53;5
7.75898706375119;52.7339922119523;5
12.5536606586609;52.4139709958461;9
7.8167;48.0084;2
11.1;49.501;4
7.5;49.4;37
7.97611713409424;47.9998870932444;3
7.853;47.9955;5
6.8639;47.6386;25
7.7116;48.5291;3
13.6098276138306;53.2661209831638;5
7.1711;48.034;7
13.43333;50.9;15
13.56666;51.46666;3
9.8407;49.2685;6
7.604;50.3585;2
10.5;51.2;61
9.1965768;47.7834493;1
11.7061;50.33;2
7;51;67
8.82854;54.78663;1
7.9144;47.8008;5
9.41666;49.91666;21
8.6733;48.393;1
8.397;49.2847;22
8.237788;50.03637;2
12.1657480489349;50.7536349355454;5
12.788;50.5623;2
12.4948991785431;50.7178121853024;54
11.43333;49.18333;17
14.6;49.6;2
9.53333;50.83333;1
11.7532704125977;52.7901819826973;5
11.8;53;4
8.26123600657661;50.4850229736661;3
6.54918135050968;51.2627714298965;5
14.7967496600495;51.0646278863391;8
7.77102497351075;49.4443568367262;4
11.4745330810547;49.0338165438685;3
7.80132293701172;47.6645781015121;6
7.7283;48.0493;22
9.01703;46.19278;2
10.36666;53.43333;4
7.87548065185547;48.0358557357873;11
12.9863549841309;51.9800170863517;3
7.39903235980228;47.9850713837535;14
10.700536441803;49.35740445352;3
8.06533813476562;50.3038143274661;1
7.78329849243164;46.990206291979;2
5.6981;48.3543;1
7.826761;48.00573;7
8.9866;49.4625;3
8.76032114028931;54.3606965165725;4
13.0641600264282;52.3806028475921;10
12.31666;49.5;3
9.56939773559566;54.5136705817432;12
7.832656;47.993785;21
7.8402;47.9965;3
8;47;1146
8.174327;49.369239;6
10.7493;54.0514;2
8.2371;50.0359;2
7.7192;50.1529;11
11.584224;51.50861;1
7.8773;47.7293;8
9.25021457672119;54.3028547884232;5
8.20661544799805;48.0503164932448;11
9.3863;48.71;2
10.9695970898438;49.5077474721187;154
12.53333;49.35;4
9.78517568641666;48.4120383479429;10
9.83333;49.43333;18
12.65;47.95;2
14.8656;50.9215;1
10.21666;49.36666;1
10.0881982803345;48.4524336654551;1
7.9467;48.219;18
8.70426282993321;54.3249809895244;5
9.5;48.41666;37
8.1357;48.6955;22
9.38333;50.66666;3
14.6988;52.7392;4
10.8;48.6;11
7.0319;47.8759;1
10.8733;49.9532;8
11.5692043304443;48.1225020977929;1
7.8537;48.0031;5
7.52829779567327;48.017772095689;2
7.2339;50.5793;7
7.4024;48.1869;67
8.669722;49.556111;7
10.8;49.33333;4
7.5884;47.5598;87
8.96393226440432;54.6181758143396;12
9.75548667724615;49.161622161963;2
7.83771514892578;48.5577502877346;1
7.0424;50.8684;5
8.41136462957763;48.463787475238;26
7.66666;47.71666;53
8.1;48.2;1
10.5143449259033;51.7549046388502;18
6.14393;45.91971;3
7.9026;48.0097;3
8.6323751335907;48.4718385941146;9
9.555139;48.162056;12
10.7;51;23
9.82972;49.40611;1
8.76863;47.51692;1
7.90384769439697;47.5821129394383;1
10.9050857543946;45.471505122803;2
7.4;46.2;35
5.0634765625;51.1467569278675;2
8.86135647296908;54.1295802096888;12
13.616241;53.544684;2
13.5;53.11666;13
7.1395;48.0409;10
9.62646484375;54.2767517319569;735
8.5358;50.3335;17
9.6856019020081;53.4688186483476;4
8.0704;48.1735;17
13.32813;52.47133;1
7.5283;48.0178;1
9.9861;49.2082;3
9.58333;48;8
8.6351;48.3639;6
10.01666;53.56666;52
12.87374;52.60701;2
7.1966;51.2708;1
9.9239;49.7959;16
13.2770643597412;52.6912381880472;2
9.55;49.61666;3
12.9;52.8;11
11.756944;51.645833;9
8.068;48.2572;3
14.9;50.9;2
8.5317;49.0514;2
12;51.4;7
7.5171;48.2007;1
9.55;54.51666;7
9.50457048416138;49.5348197443971;2
7.3792;48.1261;4
14.2438684497681;51.4390750386104;3
6.2;53.2;7
6.2946;48.3711;20
14.08447265625;50.950640943405;2
7.1592;47.9411;62
7.4745;48.1014;24
8.2341;50.0508;28
8.2012939453125;48.4656371004498;147
13.2314;50.6578;3
8.5213;50.0259;5016
14.8;52.8;3
11.512788772583;51.0228960729724;112
14;50;5
7.183837890625;45.108646701403;2
8.91055967857358;49.1376594809252;23
7.791445;47.99922;7
11.011663;50.794495;1
8.5708;48.29145;1
7.8297;48.6573;4
10.0584202539062;51.1869278212483;443
7.9575;48.0944;3
10.8;49.5;5
9.4;53.81666;16
5.834167;48.6;1
7.92646408081055;48.5096676246397;1
9.21666;52.63333;9
13.66666;53.23333;1
8.56713623411565;51.3943931515871;2
9.2;50;27
9.81722;49.89777;7
10.151882;48.092184;1
10.3269785290527;51.2099123263682;13
13.07292;53.3613;15
7.2232;47.5987;4
12.4563174020386;52.4953625313223;2
9.7648;49.8147;1
7.76666;50.08333;72
10.9766006469727;50.9367809330049;15
7.7208;49.9464;1
13.24458;46.0637;1
7.9748;47.7733;3
12.378502;50.738845;5
7.8167724609375;47.9126603084277;5
7.5696;48.0854;28
12.8761579616241;47.7222832972407;1
10.38333;49.46666;5
8.40407972352602;49.0092197317918;472
9.93359184130861;51.5330521610474;260
9.36666;49.43333;18
8.93333;54.25;2
8.2307;50.0197;2
9.87614355819699;51.1433821169453;1
7.9714;48.1031;46
9.14520608067323;50.996627381621;2
8.139496;49.349059;2
10.88333;49.4;2
8.95;54.3;24
10.6863555317689;48.3613637522924;2
11;45.5;21
8.3994;49.2874;22
8.246;48.2616;1
10.6772582803956;51.8643899699631;2
9.08432;53.258231;14
7.716667;50.15;15
14.97103616539;51.788687955433;3
10.228271484375;45.0580014353983;4
6.410029;50.685528;1
8.0325;48.3917;262
7.70725250244141;48.3204189371187;2
8.20326805114746;48.105625821157;3
11.34416;48.00193;6
10.081125829361;52.6244604848521;33
11.18333;51;1
11.0556255340576;51.8059974623377;6
10.9065;49.8823;7
11.4373;49.564;1
8.64916;49.675;1
7.65;51.51666;1
9.1394;49.0009;32
8.52127;47.37752;4
7.162;47.6248;1
8.37792266662598;51.9049118284098;16
14.3;48.3;28
7.218;47.8613;2
11.1116;50.1625;4
10.01666;49.9;2
11.1;49.504;4
8.9342;48.4774;26
5.39956359863277;52.5031370738724;4
7.6953;47.6442;6
7.847819;48.025429;27
11.2967562724305;51.4730035921805;197
9.949322;54.153086;22
10.9818708782959;49.4678592669658;32
7.6527;46.6459;1
8.03754425048828;46.5014179482419;15
9.9032;49.4943;3
10.5133233319855;49.3992249863469;2
6.9654;50.9284;1
10.30873;51.3805;1
8.55;49.66666;2
9.85;50.81666;3
7.67283;47.82687;49
11.0482712572556;51.8960620985208;72
12.901;50.2;10
9.79809;48.79947;5
11.28144821167;49.5118165072947;9
7.15072631835938;46.8029971208095;3
9.1999326;48.8656864;629
12.9201793597413;50.8332642518838;60
13.977222;50.746111;1
11.3441393023299;51.7317252985392;18
8.168;48.2973;2
10.5;50.03333;61
7.84839999999997;48.3422;4
14.7111;52.0659;1
6.74526214599609;46.8007645031814;1
13.5920177459717;51.0058332535316;4
8.7;50.6;7
9.5845;46.9545;1
7.8859;48.4532;3
6.651385;50.436058;2
7.5167;47.8252;4
8.6249;48.168;19
10.98;50.233;1
9.27120902648926;50.7511709484308;2
8.4542;49.9442;2
8.955;48.2172;2
5.5447;53.1866;5
10.5;49.5;413
8.16656486900331;51.5865796032223;8
6.31531;51.07947;1
9.2141;48.8054;40
8.57524045761102;53.1864609670856;2
7.06666;51.68333;1
14.5831000000001;52.5014;21
9.50992584228516;49.770162701653;1360
8.76446870620725;54.3856542049811;7
9.0801;47.6697;13
11.007778;52.837778;2
5.800781;52.595123;34
9.111111;54.127778;5
6.2447;49.4053;6
7.899;47.9879;22
8.9;54.8;3
12.4506;51.0536;1
8.5663;50.122;5
12.46666;53.06666;1
13.4635648359375;52.5541306610317;5
7.71;48.2258;4
11.4572124629211;49.2798920494527;104
7.8965;47.9794;9
13.19921;52.5511;2
14.3;46.7;1
13.00626;50.57953;723
7.9167;48.5119;5
11.7020170211792;51.4884075053928;4
8.23717;48.3091;100
8.15357208251953;49.3530848059792;3
11.33333;48.58333;2
7.6075;48.1194;8
8.48831;47.92543;8
11.3;51.2;8
8.7;48.88333;67
9.07169407409674;54.0904760035115;4
8.38333;49.25;33
8.03289413452148;48.0369605201914;4
11.63333;52.25;6
7.1491;47.9411;7
9.06758350793461;47.0398894378698;65
11.577187;48.587168;32
12.2645438080597;51.5769162409429;6
8.73756;50.17865;8
9.44532;50.56361;3
8.7775;50.3121;3
9.98554200000001;53.5521387777801;7
6.364;49.5639;1
7.3053;48.0423;25
6.41666;50.2;64
8.86648;48.59522;7
11.31217;47.910201;9
5.9;48.68333;26
6.4623;47.966;6
11.1793;49.7812;4
9.43227857406623;48.9460277647064;1
12.6443090383759;50.5938352703318;173
10.35;49.8;2
7.4163;48.0638;42
11.5475;45.54672;1
8.1113;48.2873;1
9.1258;48.9599;10
9.553642;47.151435;17
13.7014;50.7306;1
7.85728454589844;47.9915874921523;3
11.5142460118866;51.519757751557;3
8.43767166137695;53.4844705943473;2
7.7599;47.8604;62
9.60222;49.45611;2
9.75972;49.26666;6
7.5934;47.5951;6
11.75;51.416667;960
7.044;49.0017;4
7.9247;48.1574;3
7.998128;49.992003;3
9.16194;49.28444;1
13;53.3;47
10.6;50;2
8.19889068603516;48.8555104805297;1
7.2;50.4;8
8.04173459777826;52.2778074731375;15
11.85;53.43333;3
7.73214340209961;48.3849861767114;1
11.66666;51.06666;5
7.0202;47.758;7
7.94629096984863;48.4398495618295;1
7.8062;48.4648;1
6.48182068535607;50.6330461477867;4
6.1341;48.3009;1
7.82089;51.68033;3
9.37695968261721;48.7587956901623;4
6.862221;47.638832;44
7.391;47.4919;2
8.7251;47.50003;53
9.66666;47.95;2
7.4444;50.4439;2
14.0027194020386;53.019184787953;22
8.6138;49.7225;134
7.355;47.8961;43
8.02308797836304;47.8473451766685;2
11.1829866772462;49.581159695637;6
13.298562335968;51.057175694793;3
14.6;52.301;3
13.0043987566528;51.5585332603756;20
7.9455;47.9539;18
12.2;45.5;3
13.8627;50.9385;21
7.239;47.6247;24
10;51.7;3
6.369;49.4725;4
7.3039;47.8781;7
11.9429471481324;52.4615241667027;2
12.6446856021881;51.8666087495613;116
12.1688816534119;50.6082861425689;1
7.39277;51.38747;1
7.88333;48.06666;21
12.351168;50.993455;1
9.1621;49.2863;5
11.75;53.18333;5
7.229828;50.537468;2
10.4148670793456;50.5678655688786;571
8.87250721565249;54.308025458139;4
14.4190011541366;48.0382169477129;9
7.1301;47.5902;1
7.2058;47.6688;9
10.60751;54.14054;1
8.1361807896576;49.3536787035904;92
9.4019;47.3573;126
11.3;51.1;7
9.2273647671509;53.9002149267454;3
8.7676;50.1266;9
9.9;51.2;109
10.76666;53.7;10
13.4;54.41666;9
9;48.501;64
9.53333;47.16667;8
10.2139751540756;47.8051920757755;1
9.21681;51.0897;49
7.1301;50.042;5
6.9922;50.8959;26
10.46666;49.45;4
7.61666;52.08333;1
10.31666;49.66666;1
12.2012826111145;50.8318524738852;2
13.2788024311828;52.2137939426242;1
10.7;46.616667;1
9.13333;49.2;2
12.642174;50.593917;8
7.44856517449955;53.2280928986945;131
10.574807;52.27007;1
9.02377597148893;48.2121632125715;1
11.96666;52.9;5
13.6;50.2;5
8.75;47.796389;15
9.22611;49.19277;5
8.2676;48.97;18
7.266;47.6615;80
7.8442;48.0597;5
11.3936404114532;51.1383285768349;6
6.1072;49.106;2
8.29635143280029;47.9655600203231;2
9.9259;49.796;19
12.540894;47.221434;10
10.9314417248536;51.4255972972554;2
13.0269737539368;52.7618273375433;1
7.0763;47.4158;1
11.6576425552369;46.7159057231485;228
7.84879803657532;47.988815874748;3
7.37246546563722;47.1395746742987;7
7.1579;50.0943;3
7.7222;47.9209;5
9.59536514282229;47.236726936392;4
9.63333;48.26666;12
11.434708;51.296491;1
12.2;50.6;2
9.73333;49.58333;3
14.5538153968506;52.3442087166897;376
7.67000198364258;47.6412199148004;1
9.42388;49.43055;7
10.0785;53.48825;1
7.9066;48.1701;1
9.98458;54.0741;1
7.53683614288332;47.207892906214;6
7.215833;47.861944;16
7.945;47.2888;1
7.867222;49.988056;19
9.6006;49.845;6
9.11666;50.3;6
10.93333;48.38333;8
10.18333;49.8;18
7.8931;47.787;19
8.0392;48.4347;3
8.8177;47.98464;10
9.93473;50.12553;3
7.7589;48.5859;2
8.3166;48.0236;8
13.318995;50.796708;5
9.13333;49.4;6
9.7787853240967;52.1733173628119;7
9.6452;49.3854;29
7.8393;46.1956;4
10.8806477909851;51.4476447546065;1
7.2221;48.0636;39
14.1103085290528;53.0344138869667;5
8.71666;48.28333;8
9.14390602111814;52.8059413607365;6
8.2781;49.9971;3
9.27726536560056;48.8815212340253;854
10.97551;53.907774733223;2
13.7154;51.8526;1
9.73472213745117;49.6659464122477;8
5.4906;47.0931;1
8.53202557563782;52.0209802181817;9
10.3514591217041;49.7402073381201;3
8.85498;53.892201;3
8.7258;48.5521;1
9.81449;46.801389;1
7.5409;48.1163;5
14.430556;49.916667;52
8.35;48.18333;5
8.4509;49.9065;7
12.3982767301636;52.9425232031829;3
9.87874;48.22786;1
12.0087134312439;52.67522716147;3
10.38333;49.58333;9
8.618298;50.512341;2
11.7761872064209;51.3820175767151;4
7.3569;47.5159;2
9.13766444976807;54.4956448114635;1
7.7143;48.3115;8
8.158679;50.032636;1
7.85626262426376;47.9917095547816;2
8.4741;47.5413;1
7.85539627075195;48.6272358805946;1
10.737778;51.692222;70
7.528;48.0175;2
8.5993;48.2771;1
12.3542277916183;50.8957098215438;11
9.37477;47.42391;3
9.73327360263829;53.7422531833729;2
9.2197;48.912;2
8.93333;50.2;3
9.66666;54.3;5
9.2026;48.9636;1
11.45;50.1;4
7.2985;50.5095;1
11.4748764038086;49.0353921280893;2
6.927778;48.684444;1
6.4422;50.0435;1
9.1097;48.7301;9
7.1977;47.4616;17
7.4;51.8;1
10.1761079391174;51.8910800091977;1
13.4906095152664;50.8231376313245;2
8.2787;50.0004;7
9;48.502;1663
10.4660541640014;50.8511042495859;8
8.377;49.4901;5
7.28308;50.77555;2
8.45;48.06666;847
8.042;48.1921;14
7.9554;48.0485;4
7.8715;49.925;1
8.51151679687496;50.8120145329176;137
8.5;54.71666;9
7.7038;48.1408;11
9.6873;47.5459;12
8.45432281494141;48.0645437515613;59
8.366667;50.433333;2
8.0096;47.961;6
7.2163;48.4775;1
8.918839;53.737746;10
10.611763;51.727453;3
6.5322;49.2933;4
13.8676899682617;52.6087969475901;1
8.67580096832273;54.3821553517179;20
13.58227;52.44253;4
12.3539482116699;53.2866909739682;3
8.11203;51.567254;2
9.762859;52.904913;2
9.2776;48.8067;2
12.1817943485489;50.8623234465969;13
10.61666;48.9;1
7.605;50.3485;4
9.5173;49.7593;10
14.5014617329407;52.5500652386633;4
7.885557;54.181533;1
7.762472;50.087964;8
10.13333;53.8;2
8.6874;48.4449;20
7.8935;48.5416;31
7.8956;48.413;6
10.35;49.9;36
11.489243775177;52.8821571091653;7
11.546630859375;48.1014703697055;1
8.5683;48.9566;8
7.21666;50.6;2
10.7748;49.8544;4
11.3;51;18
9.36631297882082;49.5194184212593;13
7.81973361968994;48.0191806585397;1
6.73333;49.35;6
7.618;48.2376;2
10.5;49.83333;5
12.81374;52.865977;1
9.78333;50.73333;1
11.0371;54.2295;2
8.0153;50.0005;4
10.25;49.98333;2
9.13972;49.82944;4
9.05376582145686;48.5202987322283;7101
7.3003;47.9566;37
8.7149;50.1057;24
10.1;48.35;1
8.475556;47.053611;18
8.3584;49.5816;5
7.8091;47.6503;187
10.689354;53.868725;7
14.4211003913574;50.0876299539151;491
5.0475;45.0931;1
9.76555;49.49611;3
14.5607084233399;53.4246699641667;243
12.4330039681397;50.985315352823;74
6.2518;48.4161;1
9.14062;48.69096;28
8.75;54.33333;64
11.7;51.78333;11
13.775833;48.055278;1
11.4079481851196;52.1571959310889;21
9.2157;48.0873;10
7.76252746582031;48.3749528252414;2
7.2983;48.0582;2
9.9;51;26
7.45;50.76667;2
6.31662;51.03308;73
7.6715;47.9854;2
7.727778;48.268333;2
10.041081584053;48.4099731949677;5
10.31666;49.98333;3
7.83673346042633;47.992269603144;1
7.8342;48.5589;8
7.5073;49.7982;1
13.8205433492432;52.8321730636802;63
9.66611282936094;51.116491627579;98
10.5;54.3;40
9.8513;49.2454;14
9.4648;47.4079;3
8.0287;48.4819;6
7.831468;47.979378;9
12.1193207513428;51.6277891236522;3
7.3995;48.2713;4
6.63966917684934;46.7793299197623;3
7.6036918822991;48.251700935696;2
11.6747;50.0385;1
11.6742;50.0492;4
6.51781943914796;50.504898595057;3
10;52.2;11
7.8212;47.9838;8
8.43333;48.1;2
9.3066;48.7423;46
10.0395082724305;47.6919558493841;8
6.90499;50.82928;2
13.9103407155609;52.4609338696188;5
9.14375266662591;49.9760948839952;65
9.35;50.55;3
8.76666;50.81666;29
7.1769;47.8354;2
11.15555;49.53388;3
7.9188;48.4869;38
12.7988150582275;51.0457108576923;9
8.697052;47.234956;5
8.62127;52.38251;1
10.25951;51.51312;8
8.0843;48.285;2
8.81667;47.76667;1
8.4078;48.9416;15
8.6318;48.3613;13
7.0633;49.9356;2
7.8521;48.5309;16
11.1778636580277;48.7216750130055;2
6.562271;51.330612;1
10.433861077385;49.5462271551544;7
7.488611;48.847222;1
7.7774;47.6406;5
10.15;49.78333;17
11.2039628134918;50.8518202462494;10
14.63971;51.73544;1
5.91022;51.979;4
11.7694894973755;51.2126907649388;11
7.9902;48.7757;2
7.3887;47.9579;3
10.2148;50.3237;14
11.56666;51.46666;1
9.76727;50.67965;2
9.6018;49.8696;6
9.5789;49.7006;3
8.33333;48.76666;15
7.45778;49.8805;5
6.3937;48.3131;7
7.7913;47.999;36
9.84339288822173;49.860065821992;3
10.288;50.05802;4
8.00994515419006;47.9909053721444;2
10.35;49.76666;6
11.25;52.21666;6
13.9423315026855;50.9624205190098;6
12.4333686904602;50.8884426890793;13
9.21781871429448;54.3486336722423;1
6.35867035910792;50.9217171478223;16
7.049722;47.703056;1
7.7699;48.1916;164
6.6291;49.7563;1
11.969604;51.482676;7
10.1434793842698;48.4141817719831;1
9.7669;49.5002;5
12.535744;50.818517;2
7.36423273868928;48.2050699496348;2
8.77155;50.23019;1
10.8903;49.8872;10
9.18204717636104;49.7828823639061;638
10.01666;50.83333;27
9.95;50.93333;6
7.3547;47.6034;8
10.1678900873108;51.1825192482684;43
8.96666;52.45;3
14.8956;51.2294;1
10.7941687356567;48.7065141441568;2
6.47434245236207;50.5286207578504;4
7.1;50.73333;421
7.304;48.1003;46
8.61666;52.3;10
9.3814;48.7251;5
7.781;48.6022;33
7.1683;50.1428;15
8.79322474002834;54.7065494962451;3
7.8493;48.1211;3344
6.6478;49.4056;6
8.41666;48.03333;64
7.2101;50.0862;2
6.8336;50.1937;4
14.4426415979003;52.6728332042042;2
10.63933;50.68376;3
9.36927795410156;47.3383573795139;6
7.5738;48.2087;1
7.183889;48.246667;1
7.9746;47.9948;1
6.9847;47.7786;77
8.499015;50.489384;2
11.21666;51.3;3
9.93611;49.78777;805
7.072899;50.369768;3
7.8809;48.3732;1
9.26427693450159;48.9079728210489;13
12.25;51.16666;4
10.4;49.16666;11
13.094482421875;46.149002286524;2
7.5651;48.5657;2
9.75362;48.50978;1
7.1289;50.0824;1
7.834386;47.983611;3
7.6132;50.4018;1
8.6;48.03333;4
7.8367;48.3627;28
8.55009999999993;49.3169;24
5.591125;51.559997;1
12.6578788757324;48.2501119255959;359
6.3685;49.5451;28
7.3857;48.0083;7
7.2697;48.2695;1
9.68916893005371;49.2299856039802;1
10.56666;53.36666;4
7.6;47.8;98
13.506405;50.952731;2
11.7270684735413;50.8571432521064;14
7.16296433084108;46.8061113501396;1
11.474166;52.891666;1
9.6038;49.8716;10
6.031494;50.6303;5
7.271111;47.506111;1
7.1486;50.0219;6
7.05180664062505;50.8800925244874;2219
7.758;48.5844;2
7.8604;49.934;1
6.7787;49.3024;4
8.61666;47.65;79
12.5;53.5;58
11.4123542547226;47.7078879534073;28
6.4417;49.6788;16
6.36221348416143;51.1473301464771;3
12.2229933511353;52.7799563369097;9
9.93333;53.55;26
6.9682;47.7836;7
7.2862;50.5703;2
7.551;47.8212;6
9.3224;52.4319;1
8.57088088989258;47.9105892192062;1
7.8497;48.3819;26
10.664933;51.764123;1
9.79166;49.66638;8
8.74888;49.42527;1
14.13333;52.71666;10
11.15;49.46666;2
9.506859;49.400508;2
6.08393117525486;50.7745965394549;823
7.7193;47.8717;28
9.41615226268766;53.8773882615414;5
9.21917602111819;49.7274003204128;21
8.91666;50.2;8
8.168056;49.459444;8
9.6870662432251;47.547291309987;170
7.1818;50.0275;4
7.6523;47.6144;73
6.24517202377319;51.8300812335319;11
14.470436550293;52.4223133732014;4
10.1196855317688;49.6378986336137;18
13.5;52.1;32
7.3319;47.5408;6
9.25093356679531;50.8834333757366;3
5.100388;50.296372;20
9.0775;49.78694;12
12.6;47.9;2
7.3036;47.6152;2
11.7070595741272;51.0557797585808;13
10.2777617340851;49.6672172577595;3
10.05;49.66666;1
6.156979;47.623405;9
6.5117;48.4946;3
7.31666;52.68333;3
9.82950778118129;53.6487504074154;4
9.6344;48.8747;4
12.08333;51.96666;3
12.5471;52.3371;4
8.5194;50.0793;1
10.35;49.81666;5
12.36666;52.11666;2
11.7440776824951;52.5914756727111;2
10.4;50.601;641
14.7;49.2;14
10.16666;50.46666;2
7.3553466796875;48.0744087347836;4
7.8461;48.0006;7
7.8344;48.0233;10117
9.6206;49.7999;27
7.73333;50.1;21
7.7687931060791;50.0563672955046;24
7.7552;48.0741;9
10.4;50.45;7
7.50840898732035;47.7875976238405;2
7.4956;47.6019;6
8.89854;47.55816;1
10.12109375;50.8941746433913;678
8.72971438224795;49.54602527886;1
7.2363;50.1346;1
12.272008;50.822087;1
12.3320832936097;52.6068787409168;12
10.36666;49.98333;3
11.05928;50.14566;1098
7.3595;48.0753;2
13.4832000732422;51.0670596129737;25
6.8918;51.4185;16
14.7;49.4;1
9.63333;47.8;2
8.1709;48.2835;41
8.12503337860107;47.6971406979426;2
7.275;47.5839;4
9.62277;49.43611;2
11.4263820648193;47.9258903109418;1
11.623;49.8464;1
11.6;51.58333;1
11.1836311296081;48.8918663557729;3383
6.88333;51.43333;6
7.097785;52.716412;1
9.83944;49.10444;2
7.0729;46.103;7
10.83333;50.66666;15
6.18377000265502;48.6929703151256;48
9.8;53.2;6
7.1748;47.809;28
7.56666;47.81666;23
7.8559;48.0127;3
7.7036;48.3201;5
7.6622;47.9788;4
11.11666;49.11666;4
7.2636;48.1389;7
10.1897404795457;48.1738474677024;3
11.1;49.506;5
7.9475;48.4405;1
9.411039;47.330768;16
11.953056;51.432222;6
7.66666;48.1;427
9.5721;48.6487;2
8.7562039021301;51.7189436525498;8
13.23333;51.35;8
9.63641816665654;49.5906398556255;15
10.0762004735412;51.3618395400403;21
7.7403;47.9175;31
9.28551743782043;49.1516784778034;188
7.844763;47.99462;26
7.8377;48.501;2
8.0894;48.2808;57
8.28333;52.71666;7
10.16666;48.3;1
7.8731;47.7148;6
7.8065;50.035;4
12.322716;50.829003;3
10.8;48.25;1
7.3444;47.9306;28
9.2667;48.7676;3
7.4989;48.3048;6
13.75;52.96666;7
11.0104468941651;52.227747246767;10
7.0106;49.98;7
11.201;49.501;8
6.8836;51.0915;2
10.4070863962173;50.158697629831;51
9.95;48.4;2
7.71454811096191;48.2261038794879;2
9.2532;48.8663;4
12.4533473968506;52.9370546823394;2
11.868285418663;51.1591042932955;8
6.085224;50.776581;107
8.16666;50.36666;1
8.31979999999999;48.8043;6
7.5321;47.7107;2
10.1103729020691;48.1602694989336;2
7.0034;46.2167;2
9.3353;48.6269;1
6.3579;49.4406;11
10.15162;48.67798;3
12.1;47.9;7
7.9322;48.3311;21
7.6429;48.56;1
7.8955;48.081;4
9.96088845634461;50.1479150113696;3
10.947490105835;51.229869988389;1
13.8488769542313;52.4816614126395;5
