"latitude";"longitude";"count"
47.486111;6.925278;1
46.6735536879409;5.55500193917851;2
51.3512185430376;10.1945138478851;5
48.1653210016899;7.54493979592052;1
47.357047;9.285249;14
46.836557;9.284482;17
51.78333;11.15;10
51.53333;13.01666;1
54.3;9;5
49.0727;9.16;7
51.1437810391313;11.3189130555725;1
51.06666;10.73333;2
47.8074;7.63;13
52.8597423352583;11.9820210820008;3
50.747096;13.070182;11
50;8;4
49.9760948839952;9.14375266662591;4
47.51667;6.8;20
47.9794;7.8965;1
49.9297;10.7552;11
50.8027882794494;11.5881298095093;10
49.8464;11.623;1
51.4;10.8;12
50.861389;13.057222;235
49.4;12.3;21
51.1535595146874;11.4241058122253;1
47.0525909009054;8.30800353575137;308
47.75935;8.8403;1
51.25;10.46666;1
49.7113270891838;10.2180227041245;1
48.4869;7.9188;2
52.0714;8.4565;1170
48.38333;10.93333;1
51.7875677055456;12.2961339950562;5
50.44378;8.9239;1
51.189457341121;11.2480683598022;2
48.68439;6.18496;2
47.5582035916044;7.58771159524531;149
47.2438361966406;8.67846374511714;2
50.087964;7.762472;1
46.7159057231485;11.6576425552369;36
48.45755;11.13412;1
54.6;8.95;3
47.4096679192002;8.08209415893555;2
49.4056;6.6478;6
50.23085;7.58992;5
47.7671287391301;9.16056602111814;4
51.0581269972694;11.5380963563919;1
47.8613025024017;12.9949951171875;10
48.5675;7.8698;3
50.985315352823;12.4330039681397;46
50.1897;8.19808;8
52.21666;7.83333;6
49.56666;10.2;1
48.1951054152179;7.31904195976023;5
50.882328;9.8579;1
50.3;9.11666;2
47.058312;8.125076;1
50.5;12.25;3
46.896;8.2462;1
51.8666087495613;12.6446856021881;30
48.5612535323957;8.22196999468997;1
50.85;9.11666;1
48.5756;7.8025;70
48.5736542292166;7.81153720104976;10
47.65;8.61666;4
46.6576;9.57404;9
50.6882573486969;6.32320759790036;2
49.893529;11.736832;2
51.5298327043511;12.7295963650513;1
51.38333;10.9;5
50.369768;7.072899;1
47.9955075846867;7.85303573541262;285
47.3697569692901;8.54135537036132;111
47.8467867636276;8.0859375;2
51.4679569420138;10.7472570419311;12
48.0382169477129;14.4190011541366;4
50.8337162361631;10.9454402446747;73
48.7216514331108;10.9326971798706;3
47.796389;8.75;1
51.33333;9.86666;13
45.8409466344652;9.66608003173826;1
49.37861;12.70416;2
50.230833;8.607222;2
50.7371161602472;12.5266531693115;1
51.74678508137;11.521337772522;5
47.009289;9.067841;2
48.2529;7.8119;3
52.0029;11.7212;1
49.76666;9.62083;1
52.8914;12.4613;1
49.73333;8.77583;56
52.7480223495544;9.3515625;3
47.48327;6.85341;1
48.936705;8.752245;1
51.0845060699783;11.3703614484406;1
47.4583;14.2984;9
53.0344138869667;14.1103085290528;1
50.296372;5.100388;8
50.9201102501439;13.3433558942261;42
48.3263967519789;9.8927499180603;1
49.25527;8.87722;1
45.101;7.7;2
49.76194;9.51722;9
51.1;9.6;9
49.2855;6.88723;3
50.9281409950224;11.5879795899353;184
50.8957098215438;12.3542277916183;7
47.7944763628494;11.0064121481934;7
51.3402107084253;12.3747252910157;659
47.5051;7.3451;1
49.6;11;1
50.5;13.16666;234
51.7189436525498;8.7562039021301;2
51.1;14.66666;2
51.3635635692394;11.2949789047241;5
49.2925674115427;9.74670291534426;1
46.9082;9.40552;3
51.0147660900249;14.9327687460938;1
50.7;10.4;4
50.8288199;6.1386438;1
51.0656789482842;10.6142092962647;1
52.4262945094806;14.541263974266;1
53.41666;13.91666;1
53.3;7.38333;1
49.465988539241;6.36749267578125;61
52.5330879308702;14.379800250618;1
47.9863325818744;10.180820608139;28
50.51894;5.23284;1
48.1916;7.7699;4
48.06666;8.45;124
49.5742857288676;11.1984657764435;2
52.19883;14.115611;1
51.2906841868822;10.4465211039353;2
49.8;10.35;1
48.7423;9.3066;5
48.1871479167197;7.89676666259766;1
50.7821596626534;14.2150872552947;2
46.6494361633502;6.50390625;2
52.3;8.61666;7
47.3;11.5;20
49.6375;9.77972;1
50.4165784844904;6.55968512297056;1
49.86194;9.80583;2
48.502;9;285
48.8;9.68333;1
49.96027;9.77222;6
54.322811959134;10.1397372063599;4
50.6017;8.6439;2498
50.537468;7.229828;1
52.49292;13.387685;26
47.16667;9.53333;3
49.6968390453535;10.1783893709946;1
49.16666;11.28333;1
50.3701760650664;9.98000597363284;1
47.2993726687214;8.66460800170898;1
51.5084764478914;11.5786020899047;2
49.506;11.1;1
48.4;10.81666;1
48.03333;8.41666;2
50.9448551107265;11.9546266878052;4
50.2;14.7;2
51.0427469072765;11.6770131058349;2
49.51027;9.97111;2
51.28333;11.43333;1
51.75;10.5;19
49.89888;8.84444;1
53.1385358371509;8.2145919001083;11
47.297859;9.924774;11
49.579167;9.903889;1
50.977115627304;11.0245752697754;148
48.1521;7.7498;4
48.1385704716728;11.5731309814148;1719
51.45;10.95;6
53.544684;13.616241;1
52.1;13.5;7
47.2680757450624;8.64005545103453;1
52.3323203592256;11.2405800819397;1
52.8598459788227;13.7589907646179;1
50.36666;8.01666;6
49.508;11.1;1
53.001;7;1
51.1598616077271;12.9266163703613;2
54.33333;8.75;3
51.1276606083804;14.1796588253173;2
50.713417;12.498665;1
49.12166;12.12916;2
47.87467;7.65721;1
49.0338165438685;11.4745330810547;3
51.692222;10.737778;12
48.847222;7.488611;1
48.2572;8.068;1
51.25;10.38333;1
54.0741;9.98458;1
50.6330461477867;6.48182068535607;3
50.504898595057;6.51781943914796;3
50.5127781386311;12.9410628795624;2
49.3977922661038;8.79695892333984;1
53.2502459786173;10.4078723650513;4
51.1470117727396;11.3376537209319;1
51.1226940625207;11.5611579895019;1
49.8332;9.0421;10
50.1044180453589;8.7645893346405;4
51.1315122015288;9.54376654624934;6
53.5809351106369;9.7038283120728;1
50.22919;9.11041;1
48.66666;11.46666;1
52.2642608284271;10.5235560125199;7
50.7784;10.8974;1
50.8604473599632;11.3418717605743;1
47.95;9.66666;1
49.46666;10.38333;1
48.3922;8.034;5
47.440556;6.883056;1
50.0135448780095;8.06031653973389;1
53.737746;8.918839;3
47.50003;8.7251;16
48.6955;8.1357;6
48.195833;13.908333;6
51.0874862695614;11.6229909814758;1
50.0385;11.6747;1
52.2888348667873;8.91942892192083;4
46.750683;11.451874;16
49.78777;9.93611;67
49.5502784271886;10.7184946309662;1
49.3857540122452;11.3553117248536;3
50.956558;10.998761;1
50.2;12.9;1
47.5267064857252;7.87479400634766;1
48.0072665859055;8.09263229370117;2
48.0854;7.5696;8
47.569444;9.065833;2
47.65105;9.479828;9
49.73333;10.08333;2
50.4076971845586;6.257807661377;1
47.7038125091506;7.84810066223145;1
48.1216;7.8385;45
53.53561;10.06639;1
48.678;13.1171;1
49.8484463278333;10.4959091186523;1
47.6087092187798;8.23408126831055;1
51.5019027312576;10.7944853782653;11
50.692778655568;6.08239396560668;2
52.8059413607365;9.14390602111814;1
49.61666;10.51666;2
49.96666;7.9;2
50.3208;12.2546;2
51.28333;10.85;1
49.0092197317918;8.40407972352602;87
48.86666;10.58333;2
48.1;7.66666;29
50.879427;12.083931;1
50.8518202462494;11.2039628134918;2
51.9;11.76666;1
49.6087072735506;9.47411795372011;1
49.8;10.18333;4
52.1653;8.85996;1
48.56132662453;11.2652491580582;4
53.8611442040758;8.69921784130861;2
47.4;11;39
51.070786024222;9.39682151134491;9
49.5;10.5;23
47.623405;6.156979;2
48.177757;11.255364;2
53.7868258294397;9.48548113162997;1
51.01666;9.93333;1
48.859444;7.498333;1
52.8833;11.75;1
53.9092479886082;14.2497746944427;2
50.93333;9.55;2
47.17242;8.51745;1
50.536111;13.180556;9
49.4508579099186;10.3226788770294;48
52.4223133732014;14.470436550293;1
49.7286420242951;10.2435734272003;1
50.796708;13.318995;1
51.16666;11.8;9
45.0555516831988;11.0164794921875;1
50.3367448950534;8.75518354492192;9
51.316451;9.499741;1
52.03333;10.66666;1
51.8102812810115;11.7818199884033;25
48.589722;6.842222;1
50.394512;10.353584;1
49.2274217127816;9.21615958740233;12
49.5462271551544;10.433861077385;1
48.3;14.3;2
51.1383285768349;11.3936404114532;1
51.087879101958;11.4117461930847;1
52.75;11.5;27
49.6084478582918;9.74450321197514;9
47.9583020928492;7.71196782588959;1
48.2065;6.08549;1
48.28333;6.95;1
51.482676;11.969604;3
47.6144;7.6523;28
50.9072266146904;14.9560616878052;5
48.0286238346967;7.57387161254883;2
50.86666;13.33333;1
49.4407393435065;11.7600207328796;1
47.1;11.5;33
51.5865796032223;8.16656486900331;3
50.9413261758928;6.95827265341188;32
51.7342579209602;10.4514312744141;3
50.6621332397924;6.41049923754883;1
50.6617091428023;11.096931552887;8
50.5864048451372;8.67455628039556;15
49.35740445352;10.700536441803;1
51.1869278212483;10.0584202539062;55
51.2;12.5;1
52.8388793395868;9.34022849853523;1
54.3159992854783;13.090451335907;639
52.22616;8.83472;14
47.6984;8.462;1
51.75254;11.463547;2
49.30055;9.655;1
50.8027069072907;6.48381141398625;5
49.6967393149597;10.1350099336242;69
46.990206291979;7.78329849243164;1
49.97841;7.92182;4
52.45;8.96666;1
49.0135;8.4043;7
51.0228960729724;11.512788772583;10
47.547291309987;9.6870662432251;27
51.116491627579;9.66611282936094;17
51.44488;8.34851;1
48.9987802741904;8.47393230024716;1
48.4656371004498;8.2012939453125;26
51.76066812474;14.3344115185547;2
50.53809;14.133224;2
50.4;7.2;2
46.7399;8.1738;1
52.2;10;1
47.5839;9.7056;2
48.377;8.2914;1
50.989638;11.736832;23
48.3422;7.84839999999997;1
47.66666;9.18333;18
53.346268;12.484052;1
49.33333;9.25;1
50.55;9.35;1
50.9;11;25
48.1602694989336;10.1103729020691;1
51.11666;13.11666;39
49.507;11.1;1
51.4730035921805;11.2967562724305;73
49.01666;12.4;1
48.7964;8.4368;3
48.4769;7.6795;1
50.195363679298;10.074462890625;1
53.2280928986945;7.44856517449955;131
50.6578;13.2314;1
51.2099123263682;10.3269785290527;3
49.51666;10.33333;1
51.4602562530635;8.85457372877499;2
49.9431972278452;11.5742196726303;7
51.2632;10.52799;3
47.0398894378698;9.06758350793461;33
51.3785847859495;11.5974853967896;1
48.2656729073479;13.0268506315995;8
50.5465594901857;13.0497657060623;1
47.598755284818;11.217041015625;6
51.8040109553255;10.3337358862;2
49.18333;11.43333;1
48.477;5.7738;1
49.87583;8.83444;1
48.7327072764867;10.9306263333131;109
51.0493826118436;12.1356007658234;1
51.8960620985208;11.0482712572556;17
48.5972917852857;9.46491152577192;8
49.63555;8.35972;3
48.3113;8.3732;122
49.3;9.68333;3
50.9138731501758;13.0333729153442;1
49.8467724306342;7.85610014310839;1
53.7503933301439;9.43687051589973;1
46.7054983152065;13.6433029174805;1
49.5461;6.3741;2
48.18333;8.35;3
50.91011;9.44663;1
47.6994;7.8454;36
49.9624;8.95339999999999;2
47.5593;7.6164;36
47.8279081691933;11.546630859375;1
49.51666;11.05;1
51.199091006081;6.69343976917264;3
50.0822751863074;8.2428544521332;8
49.1376594809252;8.91055967857358;1
49.315278;8.13723;5
49.8;10.23333;2
51.0058332535316;13.5920177459717;1
46.787222;8.046944;1
51.673593118901;11.6351889365235;1
48.41666;9.5;10
52.522697;13.41465;36
49.608283088801;10.265587116394;1
49.7;10.01666;2
52.6611421267325;11.5536351930236;1
50.6754669479897;12.400818;1
48.6;10.8;2
51.760615;14.329605;1
51.1525374263232;11.809953116394;61
54.1076322977974;10.814493880951;1
51.396667;8.064667;1
51.3702335055084;10.8728710410919;1
47.4769;8.5204;1
50.9633392526928;14.7127158089371;1
52.6068787409168;12.3320832936097;3
45.36662;5.594788;1
48.2808;8.0894;41
51.2933;12.0239;1
50.4697559687297;10.4381949176521;1
50.6900293103412;11.3242155609131;1
49.03050031683;10.9718735251313;6
48.1786;10.0903;1
51.7562990932754;11.4566590872498;110
50.2582630548607;10.9645703491822;26
52.5263001633874;11.3924789311524;3
49.61666;8.83333;1
50.8332642518838;12.9201793597413;12
51.658075;14.227295;1
48.2689750824622;10.8308087235259;2
51.69917;5.30417;1
50.8968148230765;14.8064804814453;16
52.3371;12.5471;1
51.86217;13.95168;2
50.5906;12.0139;1
51.5769162409429;12.2645438080597;1
47.72673;10.31388;9
47.8674;7.8068;3
48.709768;6.020164;18
51.1080099708007;10.6479186058044;7
48.0936;7.9612;2
47.72694;9.38527;105
49.618718;13.752136;1
52.966801;10.31368;1
50.65;12.2;10
50.8965;14.8436;1
50.088;7.7625;1
50.6418;10.02401;1
49.35;11.86666;1
50.501;9.7;23
50.8022945857449;11.8474056957702;1
48.221928;5.140228;12
51.66666;6.61666;2
47.4;9.466667;2
53.6;13.08333;2
52.1;11.6;1
48.7091;6.1819;1
54.378758;10.345001;1
46.327777;11.736832;10
47.6406058899348;13.6169847525482;5
47.7667;8.1334;14
48.7587956901623;9.37695968261721;1
49.41666;9.33333;1
50.1;7.73333;1
49.66666;10.05;1
52.904913;9.762859;1
53.15;11.88333;1
50.93839;6.833235;2
51.4565787293003;12.6958157539368;1
47.8062;7.656;4
51.2235612287645;11.6798109417725;3
51.088423;11.623742;1
52.955556;13.799167;11
49.95;10.18333;14
50.563395;10.417442;1
50.7990945445007;13.7063225022583;5
51.6044849848014;11.4696318875885;228
51.4821505986708;14.8958015441895;1
47.8587562539583;7.91723728179932;1
53.8939436684085;12.5045919418335;2
51.5330521610474;9.93359184130861;37
50.17865;8.73756;2
51.4390750386104;14.2438684497681;1
51.81666;11.03333;1
47.9841343006793;8.56620938888545;1
48.775410353454;9.17819700790403;596
47.444343;7.650604;4
48;9.58333;3
48.936709;11.46492;34
47.842;7.684;1
50.640643;5.57206;1
53.55;9.93333;3
49.5;11.2;1
49.0376;8.3133;2
50.897187;14.811287;3
48.7925;7.701111;1
47.199511;11.736832;2
49.40055;9.69166;4
49.5077474721187;10.9695970898438;8
52.4015019768169;13.0557485078735;21
52.9251079791585;14.8673632327881;3
50.95;9.85;8
52.1316305367283;11.6390057486877;49
51.7063165913086;11.4233440648651;1
48.0873;9.2157;2
47.5064;6.9979;2
51.5;10;3
50.0876299539151;14.4211003913574;81
50.503273655602;6.32619414813234;4
50.713145;6.382372;2
50.9615520627562;7.31875378332518;1
54.16666;9;3
45.65;13.766667;2
49.0388;8.305;5
50.5551307587775;6.24203728039549;3
50.5925;9.54231;1
47.9954359160952;9.107666015625;2
50.76666;7.95;2
51.8334632981191;12.24685889151;14
48.6286217389164;11.4319567089844;1
47.7786;6.9847;4
49.6433193727277;9.21996959259036;1
47.9663645978452;7.95616149902344;3
49.9511;12.2428;1
51.1927344140279;7.25770812233736;3
48.3013;8.2217;11
46.761944;13.818889;4
48.940833;7.088611;2
47.3928006340518;8.04366624334716;11
50.9367809330049;10.9766006469727;3
47.6227;8.2135;4
49.5;7.5;2
48.173412;6.459961;103
51.049596;13.73737;2
48.7629;8.24109999999996;9
47.9126603084277;7.8167724609375;3
52.1813959424492;11.2639120449523;2
48.1253;7.2815;7
48.2601;7.4568;6
47.81666;10.9;7
49.13444;10.07193;3
51.8760502191519;12.0207710266113;32
49.7575;9.50944;4
50.3118695532683;12.3290948333436;3
50.1;11.45;1
54.1809168137611;7.88573325927734;1
51.15;11.28333;2
52.1733173628119;9.7787853240967;1
51.45581;12.930334;1
48.8815212340253;9.27726536560056;71
50.457105;6.404703;3
47.9234;7.1579;2
50.8766108417918;12.0832872698364;164
52.71666;8.28333;1
49.7999;9.6206;2
50.045029193428;10.2344565277863;92
49.6668908093246;10.1436573754883;5
47.3209;5.0441;12
51.2073;9.0675;1
50.9983930258495;9.28452090080259;1
49.81666;11.83333;1
53.8655;9.0472;3
51.2720300838811;10.5122845172882;1
49.38638;9.63388;1
48.5197;7.3555;11
47.87145;8.00491;5
48.0236;7.1016;1
52.63333;9.21666;1
47.7570985615735;7.57541656494141;1
50.5938352703318;12.6443090383759;34
52.8653217999839;14.0450335925904;6
49.7562344831765;6.64375653038019;19
49.16666;10.4;2
48.3985539788835;9.99287605285645;30
54.46666;11.13333;1
46.891667;7.583333;43
49.315678;6.750348;1
48.1537;7.7544;67
52.9794301889973;13.3323493002472;1
49.9;10.35;1
51.2009277273384;11.972410656128;2
49.2;14.7;2
49.56666;10.35;1
49.41213850712;8.70928275152585;32
48.9344;8.431;1
49.6242852735546;10.2274666910935;2
49.5653;9.70417;2
47.9346317602466;7.71137237548828;1
46.5864;7.647;1
45.5;11;1
50.0912368129363;13.1629947089843;11
49.7959;9.9239;16
50.8941746433913;10.12109375;78
53.150199463473;12.1760451203156;3
48.68333;5.9;3
48.9846107158526;8.54839324951172;1
49.756389;11.545;2
48.2332;7.3681;1
51.120334;13.126259;2
49.0353921280893;11.4748764038086;1
50.5516437102166;9.67653025131222;8
51.966667;9.516667;1
52.129905;11.637611;6
48.85;8.2;7
49.5844429391506;9.36637032142642;1
52.5172393121654;13.4005737670898;2
50.56666;7.28333;5
50.6317153113311;6.2798883386231;2
49.45;10.46666;1
48.5140154266179;7.64352813211651;1
48.2695;7.2697;1
49.83333;10.5;1
51.2295;14.8957;1
49.7042634831271;10.2608635264587;3
48.3691;7.8435;12
48.8053;9.2144;3
50.9217171478223;6.35867035910792;3
49.6642346458171;10.0635782128143;3
52.71666;14.13333;1
52.6;11.2;1
50.8685322160932;9.70708103179936;3
47.2596680823543;8.59719121957392;1
52.15;8.05;1
47.6117;7.6611;6
50.93333;6.95;7
48.9541181078478;10.6052544474602;2
49.0865;13.4806;1
53.8;10.13333;1
49.8925370003599;10.8875696627044;92
53.7933820048078;12.1755339179992;1
50.0259;8.5213;2486
52.3806028475921;13.0641600264282;4
49.8805;7.45778;4
52.0210818973494;11.7381027989502;1
50.83479;6.088078;2
47.8;11.1;2
48.86666;11.06666;1
47.8;13;24
51.6416215703206;11.1424721057739;4
47.9779;7.9478;1
52.402404667935;13.2648907547759;2
49.78333;10.15;1
52.0733;11.8255;1
49.6187477770382;9.59446743782041;2
53;12;6
53.5;13;4
48.8918663557729;11.1836311296081;1322
50.23217;12.8719019152832;6
49.5947227046418;9.58753711639406;1
52.2733402162949;12.0659220264893;1
53.019184787953;14.0027194020386;3
51.054377036326;11.5032972346878;1
52.9649685717844;10.5605394285889;6
49.8626263830913;10.1745269190407;1
46.7798;7.5325;11
48.780833;7.559167;2
54.3996752326149;8.98496078308108;1
49.3771553851033;10.1790062790681;222
51.11666;11.31666;1
48.13;8.2324;6
52.57173;13.43756;1
51.41666;14.58333;44
53;8.45;17
52.7339922119523;7.75898706375119;2
47.7078879534073;11.4123542547226;3
51.827210189744;10.910909343872;2
51.78333;11.7;1
47.384722;6.77;1
48.88333;12.56666;1
48.4569714669539;13.4314406811676;2
52.7039105072559;11.2889653921127;1
47.2806;7.372;3
51.81667;8.65;1
50.15;7.716667;2
49.19277;9.22611;1
53.5760712761019;9.95191357672115;1
45.07049;7.68682;1
51.83333;7.3;1
47.5659498403027;12.7058205370788;16
47.506111;7.271111;1
49.7565256386086;11.540151010559;1
48.3115281339271;8.05078664550774;66
48.1211;7.8493;2
49.4898414999776;8.46819457533263;71
49.4323;9.0041;6
47.88075;8.407438;1
49.5;6.5;1
51.96666;12.08333;2
49.4446984230012;11.8575315052797;53
46.797944;11.736832;6
50.6;8.95;1
52.1;9.35;2
51.7317252985392;11.3441393023299;5
48.0867;7.2766;11
48.076;7.923;26
48.501;9.1;7
49.24991;8.51257;1
47.8558479275963;8.1119441986084;1
51.223443;14.892654;1
51.1716679955561;7.08464713093565;25
54.3531300741824;13.4685947512817;3
48.684444;6.927778;1
48.6;5.834167;1
51.526672;11.550838;7
52.7392;14.6988;1
47.3768;8.5596;2
54.907409;8.307724;1
49.8;13.4;1
46.5579434648209;8.56309533119202;1
50;9.2;3
50.016;8.4482;19
48.3867532099209;9.66118812561035;1
47.7159092879358;9.06589825263973;5
50.5678655688786;10.4148670793456;101
49.5906398556255;9.63641816665654;1
51.3618395400403;10.0762004735412;14
48.38909;11.736832;4
47.8815;7.7315;3
47.809;7.1748;3
50.7359524519659;12.376517165329;2
50.09426;10.24801;1
47.0925655522357;8.66992950439453;1
50.95998;12.588786;1
50.9641364391421;6.99850338917156;2
50;14;1
49.00083;9.20777;1
48.0267;7.5778;68
49.622846926483;9.66278609325411;2
47.9224393321068;8.6488151550293;2
51.1631345530546;13.4705445396728;12
48.355393681046;10.9800824311828;1
51.36666;12;3
50.5693786475608;12.3651764047546;1
47.3573;9.4019;34
48.7099;9.4185;1
53.9362169025683;10.3133298782959;1
54.41666;8.93333;1
47.6433;7.7389;2
47.97463;11.18279;1
48.6474;7.5201;6
51.3559499386875;11.1006222724915;1
50.087531;14.214813;1
51.5;10.5;5953
48.6185;8.0848;3
48.656727;8.955917;81
50.8521985218576;7.73659458728025;2
50.001;10.2;1
50.5841630921438;12.6353397631683;1
48.4;7.7;7
48.276;8.0877;1
49.61514;9.713492;2
50.8938827569391;10.6982511997223;7
48.558886;9.334774;1
48.6316534393313;8.07429510646818;3
50.51666;10.96666;2
50.3;13.5;10
50.5199;9.2395;3
47.6247;7.239;2
51.06666;11.66666;1
48.918605;11.872225;1
52.91666;11.96666;1
47.4420070864301;11.2610180224457;68
50.573148;6.263844;2
52.16666;11.16666;1
47.693229538895;9.27081886375424;280
49.451192253845;10.3225994110107;1
50.947646;12.319775;1
48.583;8.8397;3
50.43333;10.31666;1
47.8016253097469;7.67257690429688;1
54.1;12.83333;1
47.5044;10.5171;1
51.383345958198;11.2030827857361;3
50.2184336772511;14.7537732124329;1
50.5286207578504;6.47434245236207;2
51.0897;9.21681;12
51.5;13;12
52.3878590454809;13.3276174020996;1
47.822222;6.845;2
50.8165103498496;11.8384983333131;1
51.8308370899153;13.7440776824951;3
47.6;13.166667;1
54.4347278316141;8.97271294593816;1
47.910201;11.31217;1
47.6056;7.5703;1
46.699484;7.796612;3
46.3161;8.08758;1
53.3736694051087;10.4874687194824;1
50.0312;10.2205;34
47.9209;7.7222;1
51.116667;9.116667;60
49.752436;6.649475;5
50.11666;9.55;1
50.76667;6.83333;1
50.3;7.61666;2
50.0995;11.373;1
48.5617;7.5892;1
50.11666;9.9;31
51.254722;14.464444;62
48.3481111969823;10.8631949310303;6
49.72176;10.88848;3
48.5415;7.4925;3
45.80079;9.08065;1
47.8604;7.7599;24
47.0322;8.42899;1
47.9232445810948;7.74158477783203;1
46.7359;7.6585;1
51.0670596129737;13.4832000732422;4
51.057175694793;13.298562335968;1
51.044444;9.2125;1
47.9277882511644;8.18610191345215;3
51.149334;11.811026;1
48.4120383479429;9.78517568641666;3
49.4;7.5;3
46.01008;8.96004;2
50.81666;10.66666;2
52.5014;14.5831000000001;4
50.1;12;4
53.1107740630828;8.70776043048863;1
51.8;12.6;1
49.46666;11.03333;2
51.9665479641394;11.8854779537201;6
51.557531531178;11.4922108650208;1
50.593917;12.642174;3
51.1473301464771;6.36221348416143;1
53.313557082552;13.8562484073486;3
49.45;10.36666;1
49.9785489260385;7.10392675399783;18
48.8656864;9.1999326;28
50.98355023722;13.5813788782959;1
45.4;11.9;2
50.68333;8.36666;1
50.8;6.4;1
50.9855581920141;12.9811195714111;7
53.558054;13.261224;1
48.6929703151256;6.18377000265502;3
52.7710968721097;14.5603175395509;2
47.9354;8.0243;1
49.6378986336137;10.1196855317688;1
51.13333;9.96666;14
50.423667;12.013764;5
50.3;14.3;30
50.7743883600252;12.0609200727081;2
47.6190083887106;8.21502685546875;7
47.672554;10.349121;1
52.565735;13.727955;1
47.5585730787454;7.90363311767578;2
47.059364;6.733932;7
47.8092022430419;9.17214243522642;1
47.6223;9.3993;10
51.2367446844769;9.98422470092771;1
50.95;10.71666;15
52.43367;8.61263;2
47.3383573795139;9.36927795410156;2
53.46666;9.98333;1
51.2;10.5;9
48.5;12.2;2
50.57953;13.00626;69
51.0988091646445;11.4101100455856;1
52.6244604848521;10.081125829361;7
50.6403027969195;5.57186688095089;3
51.0557797585808;11.7070595741272;1
48.4772654781193;8.93397673016352;3
51.23333;10.36666;1
47.9885;7.9053;3
52.620976;10.081673;1
47.2375200563935;10.7399940490723;1
49.7188871471916;8.71793861389165;45
47.8527;8.7715;1
49.82944;9.13972;1
50.8884426890793;12.4333686904602;5
50.7836769719934;13.8229687737885;1
48.2264;8.3853;1
50.6892;11.3243;1
48.0741;7.2351;1
52.115782;8.670616;2
48.4044;8.0175;1
48.7384322410122;11.1230182647705;1
48.4;6;12
47.93333;12.6;1
49.9566062274551;6.78533629234312;1
49.3;14.5;3
52.8;12.9;1
53.81666;10.38333;1
48.262222;7.225278;2
49.56666;10.01666;1
51.76666;9.38333;2
47.811;7.1017;30
50.996627381621;9.14520608067323;1
49.65;10.43333;1
53.33333;7.5;178
51.1;11.3;1
51.86666;11.58333;11
53.9;14.1;17
52.4139709958461;12.5536606586609;2
47.700001;10.8;1
47;8;318
53.05;8.61666;5
51.2498521367651;7.15075731611637;2
49.8;9.5;1
51.08333;10.56666;2
49.7;13.2;2
48.2;10.31666;1
51.1541269574815;10.8360591461716;1
52.9;10.46666;1
48.6838;11.6131;1
48.4959;7.932;2
50.606774;6.302719;1
47.7;8.7;4
47.251111;6.803611;2
50.56666;10.38333;1
48.04819;10.88281;5
48.0503164932448;8.20661544799805;5
49.76646425467;6.63496971130371;2
52.371198;9.738007;3
52.5914756727111;11.7440776824951;1
47.8582;7.7629;18
47.694;10.0419;2
49.4910730730195;11.0615636441803;1
51.5878630882047;11.2651062011719;1
49.0975;9.67861;1
51.936372;9.939084;1
47.9899;7.0917;1
50.9794388430974;11.3301014841613;16
47.9058;7.2146;11
48.4689;7.9428;10
50.326;6.89448;11
47.259596;8.597556;1
50.84688;12.46473;1
50.6923527833587;6.64756533065793;1
53.144736403244;11.6165097962952;2
51.709722;8.088889;14
50.9560347254186;11.0000398333435;4
49.9988500786463;8.27355286906436;36
47.88333;10.61666;3
49.369239;8.174327;2
48.5;9;14
47.11;13.13;2
49.86666;10.23333;1
48.3781454697624;7.4981689453125;6
48.76666;11.43333;3
46.7793299197623;6.63966917684934;1
47.9579634553755;7.78043943620685;6
52.631604;13.734627;7
47.4574328041716;7.23429879598202;1
47.494009;11.736832;2
49.05694;12.09;1
46.5014179482419;8.03754425048828;4
52.395715;13.064117;5
53.4;13.36666;1
48.7043;9.6508;2
50.11666;10.45;1
52.41666;14.11666;1
50.8800925244874;7.05180664062505;195
47.7303;7.1456;1
51.9;11.46666;1
50.38333;8.05;43
49.8867;8.1258;2
48.6757;10.7741;10
47.2695699560758;11.3944101031188;43
48.3;7.4;92
48.16666;12.83333;3
51.2;9.9;9
50.5;11.166667;190
53.258231;9.08432;9
51.6;9.5;2
48.284167;7.260556;2
51.23333;10.38333;1
52.47133;13.32813;1
52.43081;7.06833;1
48.3406;7.8722;4
48.1;7.6;1
52.23779;8.91901;1
52.7875736846641;14.0300684338379;1
48.3849861767114;7.73214340209961;1
50.512341;8.618298;1
46.94605;9.57381;4
48.3399;7.8503;14
49.7244668482036;9.99990344047546;2
50.489384;8.499015;1
50.6461947097004;6.20032268786622;1
53.9;11.46666;70
49.126915;8.605042;25
49.7085207150463;10.1309160118866;1
48.0950502533294;10.0686264038086;2
53.868725;10.689354;1
48.811389;7.700833;1
49.03333;11.9;3
50.9;13.43333;2
50.685528;6.410029;1
47.4079;9.4648;1
49.43333;9.83333;1
54.076173;14.992564;3
52.042778;11.736832;17
53.2661209831638;13.6098276138306;1
49.7175;9.2266;8
50.8257316602415;10.4459490674591;1
47.9539;7.9455;2
52.4333;13.30762;1
51.2566746532642;12.1417306786346;1
48.454722;7.208611;1
48.1007;8.0592;1
52.8;14.8;1
51.9629575435929;7.62541276715092;10
49.76666;9.96666;2
47.5542885242955;7.79271551246256;3
47.7473;7.3388;1
47.78333;8.28333;1
46.941111;5.878611;4
52.13333;10.63333;9
49.46638;8.59916;2
52.3442087166897;14.5538153968506;35
46.2;8.8;4
49.2419869658718;6.94680380957038;5
49.4772808552926;10.989700635582;4
53.3;14.1;1
52.92815;12.80311;1
49.4813;8.4452;7
49.71666;10.16666;1
47.868;7.3371;19
51.58333;8.11666;7
46.9;9.5;3
45.0401011997395;5.05019298413083;2
49.7828823639061;9.18204717636104;3
50.91666;9.25;1
46.6459;7.6527;1
50.8623234465969;12.1817943485489;6
48.5408;8.0525;2
51.9;10.43333;2
51.2829107621126;12.9406284153138;2
51.51666;7.45;19
48.231944;7.371667;2
49.400508;9.506859;1
49.2798920494527;11.4572124629211;26
51.3045378228912;10.1536960840225;1
51.13333;10.23333;2
50.9633;11.8361;1
51.2;11.3;1
49.9738;9.1436;1
52.52437;13.41053;16
52.7666834626945;14.3220430634766;1
53.11666;13.5;1
47.221434;12.540894;7
47.737186172401;8.96989309590913;2
48.5;9.1;1
49.7011657886684;9.25746016502376;52
50.3905;8.8859;1
49.6299143283968;8.36018551324469;2
48.246667;7.183889;1
51.471119;11.304245;2
50.6303;6.031494;4
48.46666;9.08333;4
47.3859469521698;9.27941107738491;2
53.21666;14;1
49.0195846345526;12.0984899245758;171
48.3592;8.2672;1
50.89621;13.66905;1
52.8494039109184;11.14929189682;4
47.95;8.5;11
48.162056;9.555139;2
51.4598748916015;12.6329634074096;71
48.1333;8.33333;9
53.6181640551862;9.36582353955077;1
51.5283273570314;11.5465893809204;7
49.5354470666784;8.35547985054018;4
48.0449227733927;7.86668306878664;1
48.0539;7.2184;16
50.9802392537232;14.610072855156;2
50.1997270108464;10.0762248283195;1
49.4622407034277;8.98584990074164;3
48.54979;8.72365;1
51.83333;8.31666;2
51.0496499572118;13.7380995608521;410
50.5340530539441;14.131593216919;6
49.58333;10.38333;1
53.9198840149574;9.51540438092047;1
51.5;9.9;31
50.516667;9.2;27
51.9;11.2;13
48.16666;8.61666;3
51.7997291182725;10.6150546878052;13
49.5969772500784;9.7850818108368;3
52.16666;10.55;10
49.3;11.8;1
49.49611;9.76555;1
51.416667;11.75;262
52.8321730636802;13.8205433492432;24
51.55;6.6;1
47.885833;7.229167;4
53;10;1
50.8272;8.92806;1
49.46666;10.03333;1
49.1516784778034;9.28551743782043;24
50.5540423977525;6.76375248542786;1
50.1520899004022;8.8053751468658;1
48.0358557357873;7.87548065185547;1
47.4158;7.0763;1
49.349059;8.139496;1
49.1160778437075;6.18324144584653;37
49.6786480839265;9.00473867395783;14
50.405685;11.117937;1
50.601;10.4;97
51.1823492029729;14.4233372955704;1
49.53333;10.38333;2
54.127778;9.111111;2
50.34891;9.52531;2
49.501;11.1;1
48.0939;7.7456;2
51.26666;10.45;2
52.7799563369097;12.2229933511353;1
54.3730131900509;8.9407382612992;1
53.0753624227489;8.80947960978699;24
51.5;11.3;1
49.61333;8.65388;1
48.4593;7.9255;9
50.83333;10.01666;4
48.5820162233963;7.75134798153681;102
48.1514;7.3059;1
48.9469;11.5782;20
49.8476455362948;7.5;3
51.42763;9.48017;2
47.241287;8.7238;2
51.067329;7.579675;1
49.5455296961032;10.228859113739;3
52.7591419105155;14.2181588882828;36
52.68333;8.8;2
50.631;7.923;2
48.8043;8.31979999999999;2
54.153086;9.949322;6
51.74754;12.128561;1
52.7033;14.3052;1
48.0419;7.5718;36
50.16666;8.93333;89
46.768015;9.061253;1
50.45;10.4;2
48.0158440722991;8.03257692988586;1
47.6503;7.8091;18
51.8059974623377;11.0556255340576;1
51.55551;5.0913;1
50.46666;12.98333;2
47.2360049288083;6.02647345501714;10
52.1;5.1;2
48.756389;7.778056;1
47.3981945248788;8.61811937301638;3
49.0360673631932;11.4721298217773;1
49.2343572738028;8.4111499786377;1
48.069591188527;7.77008056640625;3
50.0563672955046;7.7687931060791;1
50.0048;8.2752;1
52.5541306610317;13.4635648359375;3
48.2501119255959;12.6578788757324;54
51.2350833292161;10.4495601177216;1
47.98;7.9099;8
53.56666;10.01666;2
50.7288607146333;6.18150241139222;3
51.11666;11.7;13
46.5490034092267;9.23958778381348;1
50.14566;11.05928;271
50.18424;8.5232;1
50.55161;9.67517;3
49.35;6.73333;1
48.0062903712063;7.80548572540283;1
48.027;8.223;3
53.5;12.5;7
48.5633;7.8067;36
52.5887877749209;13.2868047671509;1
45.5;12.3;82
51.08333;11.26666;66
51.1825192482684;10.1678900873108;4
47.9141560435387;7.75334358215332;1
50.2;12.901;1
50.65552345319;13.0665715580749;1
50.707237;6.182538;5
48.6195535312595;12.3764212017823;23
50;7.2;9
47.633333;9.366667;10
49.5023353797025;10.4176540264129;501
48.461084;8.418274;4
47.7;10.6;1
53.4856967865586;9.14635445236206;1
51.315740188008;9.49787418252561;484
50.65;13.16666;5
48.463787475238;8.41136462957763;26
49.92111;9.08138;85
54.25;12.46666;1
49.5125;11.43388;2
52.891666;11.474166;1
52.5807245039814;13.8806773662567;2
50.590336;6.2393619;1
54.3877158895591;9.06719644180293;1
52.78333;11.65;1
47.33333;13.33333;2
50.9746566675891;10.3195782434082;29
50.776581;6.085224;75
50.65;11.36666;2
53.3;13;10
50.436058;6.651385;1
51.788687955433;14.97103616539;1
49.4;12.0203936349487;1
46.2012504435292;6.14846026730345;31
48.1779559794819;9.21336630422979;1
48.0863359558819;8.48556518554688;1
50.4937734094195;12.1358800925598;7
50.33333;8.8;2
51.06666;13.01666;1
54.0958205110875;13.3814767089234;85
48.5742;7.7999;108
49.0830032663464;9.68766481216426;1
48.0388;7.2037;1
51.7987095664893;11.7361661666565;54
53.9071889938499;13.0343660171966;2
49.9370797569753;11.5699768066406;2
51.1795999320226;7.19442952645875;1
50.80901;7.14968;1
51.26666;10.16666;1
47.207892906214;7.53683614288332;1
48.850993375292;10.4884592010499;2
52.374761;12.319107;8
46.6837685910277;9.56344113890077;1
48.7646605583903;7.95068198650705;1
50.776107;6.224172;2
48.1031;7.9714;1
51.685759;13.218175;4
49.7104059621834;10.3450379133225;1
51.8300812335319;6.24517202377319;3
50.8670166796777;14.7617630369873;2
50.158697629831;10.4070863962173;11
51.99222;8.79301;3
51.8382623728643;6.61410841941836;1
49.6577282201687;10.165056180954;4
51.2087112751716;10.4592904008332;276
50.3247928832183;13.5419479298859;5
48.052;7.6805;1
50.13423;8.91418;1
46.68;7.85;2
51.7287715686474;11.5148682843781;9
48.7;10.8;3
45.3269723925386;14.4433526482239;1
52.371722030463;9.73500292590336;100
50.1697517617778;12.1309445740661;4
50.2;6.41666;10
50.67965;9.76727;1
48.1869;7.4024;29
48.51;7.9244;1
52.5145099433185;13.3500906931152;5
47.83333;11.15;2
50.0729265751275;12.0551391124725;5
53.9555052909176;9.15514984130857;1
50.0952;11.524;1
49.5118165072947;11.28144821167;1
50.8120145329176;8.51151679687496;22
53;11.8;1
51.51312;10.25951;4
50.8571432521064;11.7270684735413;8
53.2295;10.8859;1
53.548875;9.975586;4
48.7824;9.2552;1
53.2357;8.4619;1
49.7197077004456;11.0572847850418;3
52.0205;9.6679;1
47.8369;7.0811;17
51.4;12;1
48.79947;9.79809;2
53.379412197395;9.59608570367436;220
48.59522;8.86648;1
52.3234147443442;9.20669479370122;30
52.1950810448967;9.24466776847839;1
47.638832;6.862221;10
48.712;9.214;1
48.4958;7.9174;1
51.3703008384743;6.16892531478879;6
48.5202987322283;9.05376582145686;1868
51.8333381353505;10.7844542539062;2
48.83777;10.0933;1
47.9208;7.1987;23
49.91666;9.41666;2
49.3854;9.6452;1
47.8296;7.9473;1
46.999722;9.033333;13
47.6654386919814;9.36573359126282;1
50.66666;10.83333;3
49.9784981359662;12.06119091996;1
52.763872;14.236969;1
51.2916068027403;13.5308648518067;6
51.33333;11.33333;2
50.8513507377953;5.69107846563725;7
50.5356243170251;12.4216451799316;1
50.68376;10.63933;1
47.6919558493841;10.0395082724305;7
51.7204353055936;9.61441040039062;1
48.029;7.5799;8
51.2258567870197;6.77209002642826;4
46.9545;9.5845;1
51;7;9
51.870547359857;13.4283639802094;5
53.1604930944501;8.61222637947083;15
48.3574;7.5888;144
48.68333;9.01666;1
49.3536787035904;8.1361807896576;23
50.1057;8.7149;24
51.15;13.48333;8
49.7153191755007;9.36066819839471;1
50.4059;6.8839;1
50.7389670426258;6.59710738224794;1
49.67083;9.63944;1
50.9682717015956;11.9056929695893;10
53.9225866796017;9.37455381210327;1
51.087099;8.798961;3
47.6645781015121;7.80132293701172;1
53.63333;9.28333;1
49.4539683527812;11.0772867010193;272
53.5504048276126;9.99642139962771;203
50.380557;6.777706;11
48.5313;8.0792;2
49.23333;7;1
48.2997;8.2245;119
54.0901068800743;12.1473594656982;48
48.7192;7.4642;1
48.0257824530127;8.17344188690186;1
48.0233;7.8344;4039
53.049366;11.176529;13
50.720536277983;11.3399722037659;10
46.2;7.4;3
50.502291;13.644676;3
50.8390367511088;11.7289353862304;2
52.688532;14.279866;6
47.986;7.9001;48
47.7167;7.6771;11
49.501;11.2;1
45.583333;6.333333;3
47.783889;6.978889;2
49.75944;9.9825;3
48.2408104068571;7.37904746922279;1
51.6207767732762;11.7454213982392;1
49.8;13.5;1
47.6615;7.266;64
47.1204454322746;8.3924324035645;1
47.4851533899847;14.28564453125;18
49.4;9.4;201
51.11666;11.41666;1
52.0752537888561;11.4978759765625;6
50.93333;9.21666;1
50.27376;9.38507;3
51.4760566882656;7.6153564453125;2
47.86666;12.41666;1
51.0333;9.4;2
51.645833;11.756944;1
48.76666;8.33333;4
49.10583;9.73416;169
53.6289580825262;11.4149236879273;4
50.25;6.66666;2
50.322590444941;10.2163166772461;1
53.3179544725295;11.9281908729859;1
51.03308;6.31662;20
48.1669;7.2975;4
49.4943696762458;10.3293174153137;2
49.9826355397189;7.96724445899963;1
49.28194;9.68888;106
53.4246699641667;14.5607084233399;45
49.3;11.95;1
50.1269;8.6694;1909
47.205556;6.378333;3
48.2;9.5;1
48.272222;7.282778;1
51.2;6.43333;1
51;10.7;3
46.207161;6.134148;1
48.69096;9.14062;5
48.3613;8.632;2
46.1956;7.8393;1
47.1277317434744;8.74752044677734;1
47.55816;8.89854;1
50.7248109213046;10.0023710727692;59
50.2;8.91666;2
50.4922313501379;11.058039888855;1
51.3943931515871;8.56713623411565;1
52.3;14.8;1
46.5;11.4;3
48.1846;7.4323;63
48.5819;7.7512;32
49.7;10.03333;2
48.2953;8.2391;1
50.6099164349679;10.6935860390091;2
49.55;9.63333;1
49.1;9.1;32
49.35;12.53333;1
49.1983576252714;8.11234355819704;1
51.26666;9.53333;1
51.0673139858847;11.4000590085983;1
50.9873;7.45787;1
51.33333;7.83333;1
49.7326;6.624;8
47.8;7.6;5
51.4368892983008;11.0401213532257;1
53.4;10;5
48.2871;7.8125;1
49.5;10.45;1
51.4339;13.2155;1
52.6798985456601;13.5868438243866;11
51.9049118284098;8.37792266662598;6
49.5719571153975;10.9883799682617;3
46.948226128013;7.44378407005308;23
45.4643210787097;9.19181026193235;6
48.4990332612401;7.84612655639648;1
49.53388;11.15555;1
48.5741015499156;13.4658908624267;16
49.0855596242542;9.19607162475586;1
51.017426;12.369747;1
52.25;11.63333;2
52.1716416139506;14.2483552447356;2
52.5408167815821;11.9707228937568;3
50.6;12.2;2
49.770162701653;9.50992584228516;99
50.7745965394549;6.08393117525486;279
47.592234;11.346349;2
53.1190231637137;12.1825146084595;2
50.5438990538438;10.0681545132446;1
49.916667;14.430556;15
50.801;10.9;12
49.35;6.93333;9
48.1807385073038;7.943115234375;3
49.3043590070192;9.68699676092149;2
50.899569;11.286049;1
51.001;10.7;6
47.330768;9.411039;6
51.4571759617665;7.01163759783935;13
51.5716217640477;14.377370010559;3
50.7536349355454;12.1657480489349;2
48.3091;8.23717;24
50.7364639569177;11.7457450608215;3
49;13.4;13
47.95;11.1;1
51.4827361325238;11.9700438822784;297
47.6667;9.1833;2
47.1414989432402;7.24662166400913;3
46.0530841058025;5.36035537719727;1
47.8168433235208;8.33724975585938;3
49.5;13;1
47.6660303338571;7.09704627134738;1
54.004317;9.687124;1
48.3917;8.0325;176
51.4474285827411;9.41426982012945;1
45.8992668406486;6.12483527508539;5
47.0931;5.4906;1
48.1159700030724;11.5595054626465;1
48.0955;7.3842;73
50.6200570844563;6.54303716400148;1
50.4964595216233;8.46916313359065;1
45.16667;5.71667;1
50.5536;7.2649;1
49.8;13.6;1
48.1408;7.7038;1
53.96666;10.86666;3
49.125793;8.597701;1
48.0773530525662;7.35816955554196;12
52.5172523696439;13.4005737670898;405
48.0645437515613;8.45432281494141;3
50.81666;8.76666;5
52.216206439017;13.4485194206238;2
50.2982523929237;8.26701405158997;3
51.0411356785349;11.8192380666733;1
54.514221224104;9.31596262565608;1
48.88333;8.7;5
47.9673963169125;11.1843170529175;21
51.05;9.86666;1
49.7388218452459;10.1618105661011;129
49.06942;10.31985;1
47.1314;7.5393;2
47.7828774254864;9.61513982012934;12
50.43333;7.83333;1
54.41666;13.4;1
49;11.5;15
51.128091;12.807312;1
50.5132;11.3696;1
51.1346444930151;9.42166500202177;3
48.665;6.840556;1
48.3732;7.8809;1
49.10444;9.83944;1
47.65105;7.82089;1
49.21666;7.33333;1
49.58333;10.6;1
52.1972965780375;11.4198586981202;2
50.2;8.93333;1
50.1111542202529;8.68082786508182;87
50.3165584034051;11.915402883606;2
47.56511;8.06044;4
49.5523491796097;10.0643640290832;6
51.6906365246469;5.95991706848145;1
47.391028;8.179836;10
51.5738487043828;10.9544631958008;1
52.1403501093614;12.5868992539063;11
49.6775;12.15666;6
50.9547886429571;13.8574802354431;2
49.03416;8.34638;4
53.7;10.76666;1
50.1428;7.1683;15
49.4725;6.369;4
50;9;1
52.37051;9.73322;2
50.738845;12.378502;2
51.5073337616818;11.4272654544449;1
47.5038487044081;9.74664549827571;2
47.101881;7.220278;1
47.6450510266981;7.86106109619141;1
48.7192817069029;8.36540222167969;1
47.82687;7.67283;1
45.91971;6.14393;1
47.053611;8.475556;4
52.227747246767;11.0104468941651;1
48.3229387428737;7.42564401243328;1
49.6;10.43333;1
47.642260848473;8.01177978515625;1
53.6003901090063;9.47796297073364;3
51.4613828804128;11.0776276236343;1
54.5136705817432;9.56939773559566;2
47.6372;7.6796;2
46.7973937921739;9.82342958450317;11
52.8;13.8;2
51.55;11.65;1
49.5977593613418;11.0037727116394;20
54.2767517319569;9.62646484375;136
51;11.3;4
50.08333;7.76666;10
49.34027;9.80083;1
51.6924300634011;13.2354055107116;8
51.1459443050738;7.1094525872802;2
53.3667889349134;7.20531493652345;16
48.38333;10.86666;1
49.66638;9.79166;1
46.75118;7.62166;1
48.56666;10.91666;2
51.23333;10.6;1
47.481945;7.738495;1
53.55;10.08333;3
48;7.7;18
48.05;12.8;1
50.1;12.4;1
47.401428;8.65139;48
52.0209802181817;8.53202557563782;3
49.25;8.38333;10
47.5598;7.5884;75
48.683333;12.866667;1
47.81666;7.56666;1
46.8437554723547;7.54074096679688;44
47.7607;7.2835;1
47.703056;7.049722;1
52.8449200220225;8.72366331871035;1
50.580586919474;11.9949670846557;2
48.7074;9.4192;4
50;9.56666;21
47.3083;7.0485;1
51.1348380451639;11.3632696878052;1
47.6693;7.1704;15
49.6444;11.2497;2
51;9.9;4
51.55;11.68333;1
47.39986;9.34267;6
49.47777;8.67277;1
48.7591;8.3396;2
51.8571334668774;9.49630696231839;1
49.3027984232912;10.5725153332519;57
47.501;9.4;6
52.2601592707195;9.05066518783565;16
49.32972;8.42777;8
48.26666;9.63333;1
47.9175;7.7403;13
53.21666;13.8;1
51.15;11.46666;1
50.627618;6.352294;1
49.623990060571;6.58622857539365;1
52.901;14.5;1
54.3;10.5;3
51.33333;6.56666;1
51.501;9.9;1
48.6;11.38333;2
51.62878;9.93593;1
51.5585332603756;13.0043987566528;1
47.8749;8.0038;4038
49.7225;8.6138;10
50.00976;8.77783;3
49.68333;10.03333;2
53.6332;9.9881;1114
52.666667;11.5;2
51.6566146021881;10.3433915979003;2
47.6386;6.8639;18
47.7192118487941;7.162710374218;1
45.0505;5.2679;1
50.73333;7.1;41
50.5909448386527;6.65483741271976;1
49.94222;9.85944;28
48.2250899498904;7.35282937368027;2
53.074228;8.809662;1
47.338823;11.736832;2
49.8725536663285;8.65540251583866;6
49.501;11.201;1
47.9879;7.8988;30
53.3613;13.07292;2
45.1425610209447;9.7265625;1
52.20699;8.80365;1
48.8147;7.7889;3
51.0548491110594;11.4937719106674;1
48.4833897398715;10.0562625714111;2
50.7178121853024;12.4948991785431;7
49.05805;8.24861;2
47.440278;7.357222;1
51.501;11.3;1
51.43333;6.75;10
50.80019;7.20769;2
53.8685984773675;10.6880021666565;18
48.501;9;5
47.49598;7.582927;3
48.4502;8.2364;1
50.0439;9.8142;1
50.985234;12.983437;2
50.9953510988782;9.72901961914067;2491
50.814490822926;13.1001394748688;1
50.68333;9.58333;1
50.3104967631101;9.79110063823703;1
50.59237;5.861251;1
50.35;7.6;79
50.4543922705288;6.12212727116389;9
50.685836529602;10.9150465370178;2
51.300142;13.302104;1
47.7472806619769;7.33882382537843;58
49.7;8.53333;2
48.4749;8.1655;1
47.5674921463236;10.7004010820008;7
51.75;14.5;2
51.05;10.25;1
49.4082943358337;7.04872062499999;7
54.5251306083201;9.02021936233518;1
46.94809;7.44744;1
48.55;10.85;1
48.3688199490025;10.8980298174133;211
47.861944;7.215833;8
51.301;9.5;44
48.330278;7.435;21
51.78333;6.15;6
49.1422954782345;9.2187097168885;316
51.9521475872444;14.7247691376954;2
54.516145;8.64061012695311;1
52.333752795511;13.75830078125;14
50.7227300166288;12.6987143999938;4
47.151435;9.553642;7
46.8;13.9;4
50.81666;8.96666;1
49.25;7.36666;1
51.35;11.33333;1
50.8796002201542;10.140893829422;35
50.8176764892628;12.5418379788819;2
48.587168;11.577187;12
